33,1,.Ipsm.Iblquad.I_bl_if16.I0.Iif0,861,27,macro_interface
33,2,.Ipsm.Iblquad.I_bl_if16.I0.Iif1,861,53,macro_interface
33,3,.Ipsm.Iblquad.I_bl_if16.I0.Iif2,861,79,macro_interface
33,4,.Ipsm.Iblquad.I_bl_if16.I0.Iif3,861,105,macro_interface
33,5,.Ipsm.Iblquad.I_bl_if16.I1.Iif0,861,131,macro_interface
33,6,.Ipsm.Iblquad.I_bl_if16.I1.Iif1,861,157,macro_interface
33,7,.Ipsm.Iblquad.I_bl_if16.I1.Iif2,861,183,macro_interface
33,8,.Ipsm.Iblquad.I_bl_if16.I1.Iif3,861,209,macro_interface
33,9,.Ipsm.Iblquad.I_bl_if16.I2.Iif0,861,235,macro_interface
33,10,.Ipsm.Iblquad.I_bl_if16.I2.Iif1,861,261,macro_interface
33,11,.Ipsm.Iblquad.I_bl_if16.I2.Iif2,861,287,macro_interface
33,12,.Ipsm.Iblquad.I_bl_if16.I2.Iif3,861,313,macro_interface
33,13,.Ipsm.Iblquad.I_bl_if16.I4.Iif0,861,339,macro_interface
33,14,.Ipsm.Iblquad.I_bl_if16.I4.Iif1,861,365,macro_interface
33,15,.Ipsm.Iblquad.I_bl_if16.I4.Iif2,861,391,macro_interface
33,16,.Ipsm.Iblquad.I_bl_if16.I4.Iif3,861,417,macro_interface
24,0,.Ipsm.Iblquad.I_lb_if16.I12.I32,626,1,macro_interface_left
23,0,.Ipsm.Iblquad.I_lb_if16.I12.I36,600,1,macro_interface_left
22,0,.Ipsm.Iblquad.I_lb_if16.I12.I37,574,1,macro_interface_left
21,0,.Ipsm.Iblquad.I_lb_if16.I12.I39,548,1,macro_interface_left
28,0,.Ipsm.Iblquad.I_lb_if16.I13.I32,731,1,macro_interface_left
27,0,.Ipsm.Iblquad.I_lb_if16.I13.I36,705,1,macro_interface_left
26,0,.Ipsm.Iblquad.I_lb_if16.I13.I37,679,1,macro_interface_left
25,0,.Ipsm.Iblquad.I_lb_if16.I13.I39,653,1,macro_interface_left
32,0,.Ipsm.Iblquad.I_lb_if16.I14.I32,835,1,macro_interface_left
31,0,.Ipsm.Iblquad.I_lb_if16.I14.I36,809,1,macro_interface_left
30,0,.Ipsm.Iblquad.I_lb_if16.I14.I37,783,1,macro_interface_left
29,0,.Ipsm.Iblquad.I_lb_if16.I14.I39,757,1,macro_interface_left
20,0,.Ipsm.Iblquad.I_lb_if16.I6.I32,522,1,macro_interface_left
19,0,.Ipsm.Iblquad.I_lb_if16.I6.I36,496,1,macro_interface_left
18,0,.Ipsm.Iblquad.I_lb_if16.I6.I37,470,1,macro_interface_left
17,0,.Ipsm.Iblquad.I_lb_if16.I6.I39,444,1,macro_interface_left
30,2,.Ipsm.Iblquad.I_m16x16.I185.I152.I11,783,53,macro
31,3,.Ipsm.Iblquad.I_m16x16.I185.I152.I17,809,79,macro
31,2,.Ipsm.Iblquad.I_m16x16.I185.I152.I18,809,53,macro
29,2,.Ipsm.Iblquad.I_m16x16.I185.I152.I21,757,53,macro
30,4,.Ipsm.Iblquad.I_m16x16.I185.I152.I23,783,105,macro
29,4,.Ipsm.Iblquad.I_m16x16.I185.I152.I24,757,105,macro
31,4,.Ipsm.Iblquad.I_m16x16.I185.I152.I25,809,105,macro
32,4,.Ipsm.Iblquad.I_m16x16.I185.I152.I26,835,105,macro
32,3,.Ipsm.Iblquad.I_m16x16.I185.I152.I28,835,79,macro
32,2,.Ipsm.Iblquad.I_m16x16.I185.I152.I29,835,53,macro
32,1,.Ipsm.Iblquad.I_m16x16.I185.I152.I32,835,27,macro
31,1,.Ipsm.Iblquad.I_m16x16.I185.I152.I36,809,27,macro
30,1,.Ipsm.Iblquad.I_m16x16.I185.I152.I37,783,27,macro
29,1,.Ipsm.Iblquad.I_m16x16.I185.I152.I39,757,27,macro
29,3,.Ipsm.Iblquad.I_m16x16.I185.I152.I40,757,79,macro
30,3,.Ipsm.Iblquad.I_m16x16.I185.I152.I41,783,79,macro
30,6,.Ipsm.Iblquad.I_m16x16.I185.I153.I11,783,157,macro
31,7,.Ipsm.Iblquad.I_m16x16.I185.I153.I17,809,183,macro
31,6,.Ipsm.Iblquad.I_m16x16.I185.I153.I18,809,157,macro
29,6,.Ipsm.Iblquad.I_m16x16.I185.I153.I21,757,157,macro
30,8,.Ipsm.Iblquad.I_m16x16.I185.I153.I23,783,209,macro
29,8,.Ipsm.Iblquad.I_m16x16.I185.I153.I24,757,209,macro
31,8,.Ipsm.Iblquad.I_m16x16.I185.I153.I25,809,209,macro
32,8,.Ipsm.Iblquad.I_m16x16.I185.I153.I26,835,209,macro
32,7,.Ipsm.Iblquad.I_m16x16.I185.I153.I28,835,183,macro
32,6,.Ipsm.Iblquad.I_m16x16.I185.I153.I29,835,157,macro
32,5,.Ipsm.Iblquad.I_m16x16.I185.I153.I32,835,131,macro
31,5,.Ipsm.Iblquad.I_m16x16.I185.I153.I36,809,131,macro
30,5,.Ipsm.Iblquad.I_m16x16.I185.I153.I37,783,131,macro
29,5,.Ipsm.Iblquad.I_m16x16.I185.I153.I39,757,131,macro
29,7,.Ipsm.Iblquad.I_m16x16.I185.I153.I40,757,183,macro
30,7,.Ipsm.Iblquad.I_m16x16.I185.I153.I41,783,183,macro
26,2,.Ipsm.Iblquad.I_m16x16.I185.I158.I11,679,53,macro
27,3,.Ipsm.Iblquad.I_m16x16.I185.I158.I17,705,79,macro
27,2,.Ipsm.Iblquad.I_m16x16.I185.I158.I18,705,53,macro
25,2,.Ipsm.Iblquad.I_m16x16.I185.I158.I21,653,53,macro
26,4,.Ipsm.Iblquad.I_m16x16.I185.I158.I23,679,105,macro
25,4,.Ipsm.Iblquad.I_m16x16.I185.I158.I24,653,105,macro
27,4,.Ipsm.Iblquad.I_m16x16.I185.I158.I25,705,105,macro
28,4,.Ipsm.Iblquad.I_m16x16.I185.I158.I26,731,105,macro
28,3,.Ipsm.Iblquad.I_m16x16.I185.I158.I28,731,79,macro
28,2,.Ipsm.Iblquad.I_m16x16.I185.I158.I29,731,53,macro
28,1,.Ipsm.Iblquad.I_m16x16.I185.I158.I32,731,27,macro
27,1,.Ipsm.Iblquad.I_m16x16.I185.I158.I36,705,27,macro
26,1,.Ipsm.Iblquad.I_m16x16.I185.I158.I37,679,27,macro
25,1,.Ipsm.Iblquad.I_m16x16.I185.I158.I39,653,27,macro
25,3,.Ipsm.Iblquad.I_m16x16.I185.I158.I40,653,79,macro
26,3,.Ipsm.Iblquad.I_m16x16.I185.I158.I41,679,79,macro
26,6,.Ipsm.Iblquad.I_m16x16.I185.I159.I11,679,157,macro
27,7,.Ipsm.Iblquad.I_m16x16.I185.I159.I17,705,183,macro
27,6,.Ipsm.Iblquad.I_m16x16.I185.I159.I18,705,157,macro
25,6,.Ipsm.Iblquad.I_m16x16.I185.I159.I21,653,157,macro
26,8,.Ipsm.Iblquad.I_m16x16.I185.I159.I23,679,209,macro
25,8,.Ipsm.Iblquad.I_m16x16.I185.I159.I24,653,209,macro_clk
27,8,.Ipsm.Iblquad.I_m16x16.I185.I159.I25,705,209,macro
28,8,.Ipsm.Iblquad.I_m16x16.I185.I159.I26,731,209,macro
28,7,.Ipsm.Iblquad.I_m16x16.I185.I159.I28,731,183,macro
28,6,.Ipsm.Iblquad.I_m16x16.I185.I159.I29,731,157,macro
28,5,.Ipsm.Iblquad.I_m16x16.I185.I159.I32,731,131,macro
27,5,.Ipsm.Iblquad.I_m16x16.I185.I159.I36,705,131,macro
26,5,.Ipsm.Iblquad.I_m16x16.I185.I159.I37,679,131,macro
25,5,.Ipsm.Iblquad.I_m16x16.I185.I159.I39,653,131,macro
25,7,.Ipsm.Iblquad.I_m16x16.I185.I159.I40,653,183,macro
26,7,.Ipsm.Iblquad.I_m16x16.I185.I159.I41,679,183,macro
30,10,.Ipsm.Iblquad.I_m16x16.I186.I152.I11,783,261,macro
31,11,.Ipsm.Iblquad.I_m16x16.I186.I152.I17,809,287,macro
31,10,.Ipsm.Iblquad.I_m16x16.I186.I152.I18,809,261,macro
29,10,.Ipsm.Iblquad.I_m16x16.I186.I152.I21,757,261,macro
30,12,.Ipsm.Iblquad.I_m16x16.I186.I152.I23,783,313,macro
29,12,.Ipsm.Iblquad.I_m16x16.I186.I152.I24,757,313,macro
31,12,.Ipsm.Iblquad.I_m16x16.I186.I152.I25,809,313,macro
32,12,.Ipsm.Iblquad.I_m16x16.I186.I152.I26,835,313,macro
32,11,.Ipsm.Iblquad.I_m16x16.I186.I152.I28,835,287,macro
32,10,.Ipsm.Iblquad.I_m16x16.I186.I152.I29,835,261,macro
32,9,.Ipsm.Iblquad.I_m16x16.I186.I152.I32,835,235,macro
31,9,.Ipsm.Iblquad.I_m16x16.I186.I152.I36,809,235,macro
30,9,.Ipsm.Iblquad.I_m16x16.I186.I152.I37,783,235,macro
29,9,.Ipsm.Iblquad.I_m16x16.I186.I152.I39,757,235,macro
29,11,.Ipsm.Iblquad.I_m16x16.I186.I152.I40,757,287,macro
30,11,.Ipsm.Iblquad.I_m16x16.I186.I152.I41,783,287,macro
30,14,.Ipsm.Iblquad.I_m16x16.I186.I153.I11,783,365,macro
31,15,.Ipsm.Iblquad.I_m16x16.I186.I153.I17,809,391,macro
31,14,.Ipsm.Iblquad.I_m16x16.I186.I153.I18,809,365,macro
29,14,.Ipsm.Iblquad.I_m16x16.I186.I153.I21,757,365,macro
30,16,.Ipsm.Iblquad.I_m16x16.I186.I153.I23,783,417,macro
29,16,.Ipsm.Iblquad.I_m16x16.I186.I153.I24,757,417,macro
31,16,.Ipsm.Iblquad.I_m16x16.I186.I153.I25,809,417,macro
32,16,.Ipsm.Iblquad.I_m16x16.I186.I153.I26,835,417,macro
32,15,.Ipsm.Iblquad.I_m16x16.I186.I153.I28,835,391,macro
32,14,.Ipsm.Iblquad.I_m16x16.I186.I153.I29,835,365,macro
32,13,.Ipsm.Iblquad.I_m16x16.I186.I153.I32,835,339,macro
31,13,.Ipsm.Iblquad.I_m16x16.I186.I153.I36,809,339,macro
30,13,.Ipsm.Iblquad.I_m16x16.I186.I153.I37,783,339,macro
29,13,.Ipsm.Iblquad.I_m16x16.I186.I153.I39,757,339,macro
29,15,.Ipsm.Iblquad.I_m16x16.I186.I153.I40,757,391,macro
30,15,.Ipsm.Iblquad.I_m16x16.I186.I153.I41,783,391,macro
26,10,.Ipsm.Iblquad.I_m16x16.I186.I158.I11,679,261,macro
27,11,.Ipsm.Iblquad.I_m16x16.I186.I158.I17,705,287,macro
27,10,.Ipsm.Iblquad.I_m16x16.I186.I158.I18,705,261,macro
25,10,.Ipsm.Iblquad.I_m16x16.I186.I158.I21,653,261,macro
26,12,.Ipsm.Iblquad.I_m16x16.I186.I158.I23,679,313,macro
25,12,.Ipsm.Iblquad.I_m16x16.I186.I158.I24,653,313,macro
27,12,.Ipsm.Iblquad.I_m16x16.I186.I158.I25,705,313,macro
28,12,.Ipsm.Iblquad.I_m16x16.I186.I158.I26,731,313,macro
28,11,.Ipsm.Iblquad.I_m16x16.I186.I158.I28,731,287,macro
28,10,.Ipsm.Iblquad.I_m16x16.I186.I158.I29,731,261,macro
28,9,.Ipsm.Iblquad.I_m16x16.I186.I158.I32,731,235,macro
27,9,.Ipsm.Iblquad.I_m16x16.I186.I158.I36,705,235,macro
26,9,.Ipsm.Iblquad.I_m16x16.I186.I158.I37,679,235,macro
25,9,.Ipsm.Iblquad.I_m16x16.I186.I158.I39,653,235,macro
25,11,.Ipsm.Iblquad.I_m16x16.I186.I158.I40,653,287,macro
26,11,.Ipsm.Iblquad.I_m16x16.I186.I158.I41,679,287,macro
26,14,.Ipsm.Iblquad.I_m16x16.I186.I159.I11,679,365,macro
27,15,.Ipsm.Iblquad.I_m16x16.I186.I159.I17,705,391,macro
27,14,.Ipsm.Iblquad.I_m16x16.I186.I159.I18,705,365,macro
25,14,.Ipsm.Iblquad.I_m16x16.I186.I159.I21,653,365,macro
26,16,.Ipsm.Iblquad.I_m16x16.I186.I159.I23,679,417,macro
25,16,.Ipsm.Iblquad.I_m16x16.I186.I159.I24,653,417,macro
27,16,.Ipsm.Iblquad.I_m16x16.I186.I159.I25,705,417,macro
28,16,.Ipsm.Iblquad.I_m16x16.I186.I159.I26,731,417,macro
28,15,.Ipsm.Iblquad.I_m16x16.I186.I159.I28,731,391,macro
28,14,.Ipsm.Iblquad.I_m16x16.I186.I159.I29,731,365,macro
28,13,.Ipsm.Iblquad.I_m16x16.I186.I159.I32,731,339,macro
27,13,.Ipsm.Iblquad.I_m16x16.I186.I159.I36,705,339,macro
26,13,.Ipsm.Iblquad.I_m16x16.I186.I159.I37,679,339,macro
25,13,.Ipsm.Iblquad.I_m16x16.I186.I159.I39,653,339,macro
25,15,.Ipsm.Iblquad.I_m16x16.I186.I159.I40,653,391,macro
26,15,.Ipsm.Iblquad.I_m16x16.I186.I159.I41,679,391,macro
22,10,.Ipsm.Iblquad.I_m16x16.I187.I152.I11,574,261,macro
23,11,.Ipsm.Iblquad.I_m16x16.I187.I152.I17,600,287,macro
23,10,.Ipsm.Iblquad.I_m16x16.I187.I152.I18,600,261,macro
21,10,.Ipsm.Iblquad.I_m16x16.I187.I152.I21,548,261,macro
22,12,.Ipsm.Iblquad.I_m16x16.I187.I152.I23,574,313,macro
21,12,.Ipsm.Iblquad.I_m16x16.I187.I152.I24,548,313,macro
23,12,.Ipsm.Iblquad.I_m16x16.I187.I152.I25,600,313,macro
24,12,.Ipsm.Iblquad.I_m16x16.I187.I152.I26,626,313,macro
24,11,.Ipsm.Iblquad.I_m16x16.I187.I152.I28,626,287,macro
24,10,.Ipsm.Iblquad.I_m16x16.I187.I152.I29,626,261,macro
24,9,.Ipsm.Iblquad.I_m16x16.I187.I152.I32,626,235,macro
23,9,.Ipsm.Iblquad.I_m16x16.I187.I152.I36,600,235,macro
22,9,.Ipsm.Iblquad.I_m16x16.I187.I152.I37,574,235,macro
21,9,.Ipsm.Iblquad.I_m16x16.I187.I152.I39,548,235,macro
21,11,.Ipsm.Iblquad.I_m16x16.I187.I152.I40,548,287,macro
22,11,.Ipsm.Iblquad.I_m16x16.I187.I152.I41,574,287,macro
22,14,.Ipsm.Iblquad.I_m16x16.I187.I153.I11,574,365,macro
23,15,.Ipsm.Iblquad.I_m16x16.I187.I153.I17,600,391,macro
23,14,.Ipsm.Iblquad.I_m16x16.I187.I153.I18,600,365,macro
21,14,.Ipsm.Iblquad.I_m16x16.I187.I153.I21,548,365,macro
22,16,.Ipsm.Iblquad.I_m16x16.I187.I153.I23,574,417,macro
21,16,.Ipsm.Iblquad.I_m16x16.I187.I153.I24,548,417,macro
23,16,.Ipsm.Iblquad.I_m16x16.I187.I153.I25,600,417,macro
24,16,.Ipsm.Iblquad.I_m16x16.I187.I153.I26,626,417,macro
24,15,.Ipsm.Iblquad.I_m16x16.I187.I153.I28,626,391,macro
24,14,.Ipsm.Iblquad.I_m16x16.I187.I153.I29,626,365,macro
24,13,.Ipsm.Iblquad.I_m16x16.I187.I153.I32,626,339,macro
23,13,.Ipsm.Iblquad.I_m16x16.I187.I153.I36,600,339,macro
22,13,.Ipsm.Iblquad.I_m16x16.I187.I153.I37,574,339,macro
21,13,.Ipsm.Iblquad.I_m16x16.I187.I153.I39,548,339,macro
21,15,.Ipsm.Iblquad.I_m16x16.I187.I153.I40,548,391,macro
22,15,.Ipsm.Iblquad.I_m16x16.I187.I153.I41,574,391,macro
18,10,.Ipsm.Iblquad.I_m16x16.I187.I158.I11,470,261,macro
19,11,.Ipsm.Iblquad.I_m16x16.I187.I158.I17,496,287,macro
19,10,.Ipsm.Iblquad.I_m16x16.I187.I158.I18,496,261,macro
17,10,.Ipsm.Iblquad.I_m16x16.I187.I158.I21,444,261,macro
18,12,.Ipsm.Iblquad.I_m16x16.I187.I158.I23,470,313,macro
17,12,.Ipsm.Iblquad.I_m16x16.I187.I158.I24,444,313,macro
19,12,.Ipsm.Iblquad.I_m16x16.I187.I158.I25,496,313,macro
20,12,.Ipsm.Iblquad.I_m16x16.I187.I158.I26,522,313,macro
20,11,.Ipsm.Iblquad.I_m16x16.I187.I158.I28,522,287,macro
20,10,.Ipsm.Iblquad.I_m16x16.I187.I158.I29,522,261,macro
20,9,.Ipsm.Iblquad.I_m16x16.I187.I158.I32,522,235,macro
19,9,.Ipsm.Iblquad.I_m16x16.I187.I158.I36,496,235,macro
18,9,.Ipsm.Iblquad.I_m16x16.I187.I158.I37,470,235,macro
17,9,.Ipsm.Iblquad.I_m16x16.I187.I158.I39,444,235,macro
17,11,.Ipsm.Iblquad.I_m16x16.I187.I158.I40,444,287,macro
18,11,.Ipsm.Iblquad.I_m16x16.I187.I158.I41,470,287,macro
18,14,.Ipsm.Iblquad.I_m16x16.I187.I159.I11,470,365,macro
19,15,.Ipsm.Iblquad.I_m16x16.I187.I159.I17,496,391,macro
19,14,.Ipsm.Iblquad.I_m16x16.I187.I159.I18,496,365,macro
17,14,.Ipsm.Iblquad.I_m16x16.I187.I159.I21,444,365,macro
18,16,.Ipsm.Iblquad.I_m16x16.I187.I159.I23,470,417,macro
17,16,.Ipsm.Iblquad.I_m16x16.I187.I159.I24,444,417,macro_gclk
19,16,.Ipsm.Iblquad.I_m16x16.I187.I159.I25,496,417,macro
20,16,.Ipsm.Iblquad.I_m16x16.I187.I159.I26,522,417,macro
20,15,.Ipsm.Iblquad.I_m16x16.I187.I159.I28,522,391,macro
20,14,.Ipsm.Iblquad.I_m16x16.I187.I159.I29,522,365,macro
20,13,.Ipsm.Iblquad.I_m16x16.I187.I159.I32,522,339,macro
19,13,.Ipsm.Iblquad.I_m16x16.I187.I159.I36,496,339,macro
18,13,.Ipsm.Iblquad.I_m16x16.I187.I159.I37,470,339,macro
17,13,.Ipsm.Iblquad.I_m16x16.I187.I159.I39,444,339,macro
17,15,.Ipsm.Iblquad.I_m16x16.I187.I159.I40,444,391,macro
18,15,.Ipsm.Iblquad.I_m16x16.I187.I159.I41,470,391,macro
22,2,.Ipsm.Iblquad.I_m16x16.I188.I152.I11,574,53,macro
23,3,.Ipsm.Iblquad.I_m16x16.I188.I152.I17,600,79,macro
23,2,.Ipsm.Iblquad.I_m16x16.I188.I152.I18,600,53,macro
21,2,.Ipsm.Iblquad.I_m16x16.I188.I152.I21,548,53,macro
22,4,.Ipsm.Iblquad.I_m16x16.I188.I152.I23,574,105,macro
21,4,.Ipsm.Iblquad.I_m16x16.I188.I152.I24,548,105,macro
23,4,.Ipsm.Iblquad.I_m16x16.I188.I152.I25,600,105,macro
24,4,.Ipsm.Iblquad.I_m16x16.I188.I152.I26,626,105,macro
24,3,.Ipsm.Iblquad.I_m16x16.I188.I152.I28,626,79,macro
24,2,.Ipsm.Iblquad.I_m16x16.I188.I152.I29,626,53,macro
24,1,.Ipsm.Iblquad.I_m16x16.I188.I152.I32,626,27,macro
23,1,.Ipsm.Iblquad.I_m16x16.I188.I152.I36,600,27,macro
22,1,.Ipsm.Iblquad.I_m16x16.I188.I152.I37,574,27,macro
21,1,.Ipsm.Iblquad.I_m16x16.I188.I152.I39,548,27,macro
21,3,.Ipsm.Iblquad.I_m16x16.I188.I152.I40,548,79,macro
22,3,.Ipsm.Iblquad.I_m16x16.I188.I152.I41,574,79,macro
22,6,.Ipsm.Iblquad.I_m16x16.I188.I153.I11,574,157,macro
23,7,.Ipsm.Iblquad.I_m16x16.I188.I153.I17,600,183,macro
23,6,.Ipsm.Iblquad.I_m16x16.I188.I153.I18,600,157,macro
21,6,.Ipsm.Iblquad.I_m16x16.I188.I153.I21,548,157,macro
22,8,.Ipsm.Iblquad.I_m16x16.I188.I153.I23,574,209,macro
21,8,.Ipsm.Iblquad.I_m16x16.I188.I153.I24,548,209,macro
23,8,.Ipsm.Iblquad.I_m16x16.I188.I153.I25,600,209,macro
24,8,.Ipsm.Iblquad.I_m16x16.I188.I153.I26,626,209,macro
24,7,.Ipsm.Iblquad.I_m16x16.I188.I153.I28,626,183,macro
24,6,.Ipsm.Iblquad.I_m16x16.I188.I153.I29,626,157,macro
24,5,.Ipsm.Iblquad.I_m16x16.I188.I153.I32,626,131,macro
23,5,.Ipsm.Iblquad.I_m16x16.I188.I153.I36,600,131,macro
22,5,.Ipsm.Iblquad.I_m16x16.I188.I153.I37,574,131,macro
21,5,.Ipsm.Iblquad.I_m16x16.I188.I153.I39,548,131,macro
21,7,.Ipsm.Iblquad.I_m16x16.I188.I153.I40,548,183,macro
22,7,.Ipsm.Iblquad.I_m16x16.I188.I153.I41,574,183,macro
18,2,.Ipsm.Iblquad.I_m16x16.I188.I158.I11,470,53,macro
19,3,.Ipsm.Iblquad.I_m16x16.I188.I158.I17,496,79,macro
19,2,.Ipsm.Iblquad.I_m16x16.I188.I158.I18,496,53,macro
17,2,.Ipsm.Iblquad.I_m16x16.I188.I158.I21,444,53,macro
18,4,.Ipsm.Iblquad.I_m16x16.I188.I158.I23,470,105,macro
17,4,.Ipsm.Iblquad.I_m16x16.I188.I158.I24,444,105,macro
19,4,.Ipsm.Iblquad.I_m16x16.I188.I158.I25,496,105,macro
20,4,.Ipsm.Iblquad.I_m16x16.I188.I158.I26,522,105,macro
20,3,.Ipsm.Iblquad.I_m16x16.I188.I158.I28,522,79,macro
20,2,.Ipsm.Iblquad.I_m16x16.I188.I158.I29,522,53,macro
20,1,.Ipsm.Iblquad.I_m16x16.I188.I158.I32,522,27,macro
19,1,.Ipsm.Iblquad.I_m16x16.I188.I158.I36,496,27,macro
18,1,.Ipsm.Iblquad.I_m16x16.I188.I158.I37,470,27,macro
17,1,.Ipsm.Iblquad.I_m16x16.I188.I158.I39,444,27,macro
17,3,.Ipsm.Iblquad.I_m16x16.I188.I158.I40,444,79,macro
18,3,.Ipsm.Iblquad.I_m16x16.I188.I158.I41,470,79,macro
18,6,.Ipsm.Iblquad.I_m16x16.I188.I159.I11,470,157,macro
19,7,.Ipsm.Iblquad.I_m16x16.I188.I159.I17,496,183,macro
19,6,.Ipsm.Iblquad.I_m16x16.I188.I159.I18,496,157,macro
17,6,.Ipsm.Iblquad.I_m16x16.I188.I159.I21,444,157,macro
18,8,.Ipsm.Iblquad.I_m16x16.I188.I159.I23,470,209,macro
17,8,.Ipsm.Iblquad.I_m16x16.I188.I159.I24,444,209,macro
19,8,.Ipsm.Iblquad.I_m16x16.I188.I159.I25,496,209,macro
20,8,.Ipsm.Iblquad.I_m16x16.I188.I159.I26,522,209,macro
20,7,.Ipsm.Iblquad.I_m16x16.I188.I159.I28,522,183,macro
20,6,.Ipsm.Iblquad.I_m16x16.I188.I159.I29,522,157,macro
20,5,.Ipsm.Iblquad.I_m16x16.I188.I159.I32,522,131,macro
19,5,.Ipsm.Iblquad.I_m16x16.I188.I159.I36,496,131,macro
18,5,.Ipsm.Iblquad.I_m16x16.I188.I159.I37,470,131,macro
17,5,.Ipsm.Iblquad.I_m16x16.I188.I159.I39,444,131,macro
17,7,.Ipsm.Iblquad.I_m16x16.I188.I159.I40,444,183,macro
18,7,.Ipsm.Iblquad.I_m16x16.I188.I159.I41,470,183,macro
33,17,.Ipsm.Ibrquad.I_br_if16.I0.Iif0,861,443,macro_interface
33,18,.Ipsm.Ibrquad.I_br_if16.I0.Iif1,861,469,macro_interface
33,19,.Ipsm.Ibrquad.I_br_if16.I0.Iif2,861,495,macro_interface
33,20,.Ipsm.Ibrquad.I_br_if16.I0.Iif3,861,521,macro_interface
33,21,.Ipsm.Ibrquad.I_br_if16.I1.Iif0,861,547,macro_interface
33,22,.Ipsm.Ibrquad.I_br_if16.I1.Iif1,861,573,macro_interface
33,23,.Ipsm.Ibrquad.I_br_if16.I1.Iif2,861,599,macro_interface
33,24,.Ipsm.Ibrquad.I_br_if16.I1.Iif3,861,625,macro_interface
33,25,.Ipsm.Ibrquad.I_br_if16.I2.Iif0,861,651,macro_interface
33,26,.Ipsm.Ibrquad.I_br_if16.I2.Iif1,861,677,macro_interface
33,27,.Ipsm.Ibrquad.I_br_if16.I2.Iif2,861,703,macro_interface
33,28,.Ipsm.Ibrquad.I_br_if16.I2.Iif3,861,729,macro_interface
33,29,.Ipsm.Ibrquad.I_br_if16.I4.Iif0,861,755,macro_interface
33,30,.Ipsm.Ibrquad.I_br_if16.I4.Iif1,861,781,macro_interface
33,31,.Ipsm.Ibrquad.I_br_if16.I4.Iif2,861,807,macro_interface
33,32,.Ipsm.Ibrquad.I_br_if16.I4.Iif3,861,833,macro_interface
30,18,.Ipsm.Ibrquad.I_m16x16.I185.I152.I11,783,469,macro
31,19,.Ipsm.Ibrquad.I_m16x16.I185.I152.I17,809,495,macro
31,18,.Ipsm.Ibrquad.I_m16x16.I185.I152.I18,809,469,macro
29,18,.Ipsm.Ibrquad.I_m16x16.I185.I152.I21,757,469,macro
30,20,.Ipsm.Ibrquad.I_m16x16.I185.I152.I23,783,521,macro
29,20,.Ipsm.Ibrquad.I_m16x16.I185.I152.I24,757,521,macro
31,20,.Ipsm.Ibrquad.I_m16x16.I185.I152.I25,809,521,macro
32,20,.Ipsm.Ibrquad.I_m16x16.I185.I152.I26,835,521,macro
32,19,.Ipsm.Ibrquad.I_m16x16.I185.I152.I28,835,495,macro
32,18,.Ipsm.Ibrquad.I_m16x16.I185.I152.I29,835,469,macro
32,17,.Ipsm.Ibrquad.I_m16x16.I185.I152.I32,835,443,macro
31,17,.Ipsm.Ibrquad.I_m16x16.I185.I152.I36,809,443,macro
30,17,.Ipsm.Ibrquad.I_m16x16.I185.I152.I37,783,443,macro
29,17,.Ipsm.Ibrquad.I_m16x16.I185.I152.I39,757,443,macro
29,19,.Ipsm.Ibrquad.I_m16x16.I185.I152.I40,757,495,macro
30,19,.Ipsm.Ibrquad.I_m16x16.I185.I152.I41,783,495,macro
30,22,.Ipsm.Ibrquad.I_m16x16.I185.I153.I11,783,573,macro
31,23,.Ipsm.Ibrquad.I_m16x16.I185.I153.I17,809,599,macro
31,22,.Ipsm.Ibrquad.I_m16x16.I185.I153.I18,809,573,macro
29,22,.Ipsm.Ibrquad.I_m16x16.I185.I153.I21,757,573,macro
30,24,.Ipsm.Ibrquad.I_m16x16.I185.I153.I23,783,625,macro
29,24,.Ipsm.Ibrquad.I_m16x16.I185.I153.I24,757,625,macro
31,24,.Ipsm.Ibrquad.I_m16x16.I185.I153.I25,809,625,macro
32,24,.Ipsm.Ibrquad.I_m16x16.I185.I153.I26,835,625,macro
32,23,.Ipsm.Ibrquad.I_m16x16.I185.I153.I28,835,599,macro
32,22,.Ipsm.Ibrquad.I_m16x16.I185.I153.I29,835,573,macro
32,21,.Ipsm.Ibrquad.I_m16x16.I185.I153.I32,835,547,macro
31,21,.Ipsm.Ibrquad.I_m16x16.I185.I153.I36,809,547,macro
30,21,.Ipsm.Ibrquad.I_m16x16.I185.I153.I37,783,547,macro
29,21,.Ipsm.Ibrquad.I_m16x16.I185.I153.I39,757,547,macro
29,23,.Ipsm.Ibrquad.I_m16x16.I185.I153.I40,757,599,macro
30,23,.Ipsm.Ibrquad.I_m16x16.I185.I153.I41,783,599,macro
26,18,.Ipsm.Ibrquad.I_m16x16.I185.I158.I11,679,469,macro
27,19,.Ipsm.Ibrquad.I_m16x16.I185.I158.I17,705,495,macro
27,18,.Ipsm.Ibrquad.I_m16x16.I185.I158.I18,705,469,macro
25,18,.Ipsm.Ibrquad.I_m16x16.I185.I158.I21,653,469,macro
26,20,.Ipsm.Ibrquad.I_m16x16.I185.I158.I23,679,521,macro
25,20,.Ipsm.Ibrquad.I_m16x16.I185.I158.I24,653,521,macro
27,20,.Ipsm.Ibrquad.I_m16x16.I185.I158.I25,705,521,macro
28,20,.Ipsm.Ibrquad.I_m16x16.I185.I158.I26,731,521,macro
28,19,.Ipsm.Ibrquad.I_m16x16.I185.I158.I28,731,495,macro
28,18,.Ipsm.Ibrquad.I_m16x16.I185.I158.I29,731,469,macro
28,17,.Ipsm.Ibrquad.I_m16x16.I185.I158.I32,731,443,macro
27,17,.Ipsm.Ibrquad.I_m16x16.I185.I158.I36,705,443,macro
26,17,.Ipsm.Ibrquad.I_m16x16.I185.I158.I37,679,443,macro
25,17,.Ipsm.Ibrquad.I_m16x16.I185.I158.I39,653,443,macro
25,19,.Ipsm.Ibrquad.I_m16x16.I185.I158.I40,653,495,macro
26,19,.Ipsm.Ibrquad.I_m16x16.I185.I158.I41,679,495,macro
26,22,.Ipsm.Ibrquad.I_m16x16.I185.I159.I11,679,573,macro
27,23,.Ipsm.Ibrquad.I_m16x16.I185.I159.I17,705,599,macro
27,22,.Ipsm.Ibrquad.I_m16x16.I185.I159.I18,705,573,macro
25,22,.Ipsm.Ibrquad.I_m16x16.I185.I159.I21,653,573,macro
26,24,.Ipsm.Ibrquad.I_m16x16.I185.I159.I23,679,625,macro
25,24,.Ipsm.Ibrquad.I_m16x16.I185.I159.I24,653,625,macro_clk
27,24,.Ipsm.Ibrquad.I_m16x16.I185.I159.I25,705,625,macro
28,24,.Ipsm.Ibrquad.I_m16x16.I185.I159.I26,731,625,macro
28,23,.Ipsm.Ibrquad.I_m16x16.I185.I159.I28,731,599,macro
28,22,.Ipsm.Ibrquad.I_m16x16.I185.I159.I29,731,573,macro
28,21,.Ipsm.Ibrquad.I_m16x16.I185.I159.I32,731,547,macro
27,21,.Ipsm.Ibrquad.I_m16x16.I185.I159.I36,705,547,macro
26,21,.Ipsm.Ibrquad.I_m16x16.I185.I159.I37,679,547,macro
25,21,.Ipsm.Ibrquad.I_m16x16.I185.I159.I39,653,547,macro
25,23,.Ipsm.Ibrquad.I_m16x16.I185.I159.I40,653,599,macro
26,23,.Ipsm.Ibrquad.I_m16x16.I185.I159.I41,679,599,macro
30,26,.Ipsm.Ibrquad.I_m16x16.I186.I152.I11,783,677,macro
31,27,.Ipsm.Ibrquad.I_m16x16.I186.I152.I17,809,703,macro
31,26,.Ipsm.Ibrquad.I_m16x16.I186.I152.I18,809,677,macro
29,26,.Ipsm.Ibrquad.I_m16x16.I186.I152.I21,757,677,macro
30,28,.Ipsm.Ibrquad.I_m16x16.I186.I152.I23,783,729,macro
29,28,.Ipsm.Ibrquad.I_m16x16.I186.I152.I24,757,729,macro
31,28,.Ipsm.Ibrquad.I_m16x16.I186.I152.I25,809,729,macro
32,28,.Ipsm.Ibrquad.I_m16x16.I186.I152.I26,835,729,macro
32,27,.Ipsm.Ibrquad.I_m16x16.I186.I152.I28,835,703,macro
32,26,.Ipsm.Ibrquad.I_m16x16.I186.I152.I29,835,677,macro
32,25,.Ipsm.Ibrquad.I_m16x16.I186.I152.I32,835,651,macro
31,25,.Ipsm.Ibrquad.I_m16x16.I186.I152.I36,809,651,macro
30,25,.Ipsm.Ibrquad.I_m16x16.I186.I152.I37,783,651,macro
29,25,.Ipsm.Ibrquad.I_m16x16.I186.I152.I39,757,651,macro
29,27,.Ipsm.Ibrquad.I_m16x16.I186.I152.I40,757,703,macro
30,27,.Ipsm.Ibrquad.I_m16x16.I186.I152.I41,783,703,macro
30,30,.Ipsm.Ibrquad.I_m16x16.I186.I153.I11,783,781,macro
31,31,.Ipsm.Ibrquad.I_m16x16.I186.I153.I17,809,807,macro
31,30,.Ipsm.Ibrquad.I_m16x16.I186.I153.I18,809,781,macro
29,30,.Ipsm.Ibrquad.I_m16x16.I186.I153.I21,757,781,macro
30,32,.Ipsm.Ibrquad.I_m16x16.I186.I153.I23,783,833,macro
29,32,.Ipsm.Ibrquad.I_m16x16.I186.I153.I24,757,833,macro
31,32,.Ipsm.Ibrquad.I_m16x16.I186.I153.I25,809,833,macro
32,32,.Ipsm.Ibrquad.I_m16x16.I186.I153.I26,835,833,macro
32,31,.Ipsm.Ibrquad.I_m16x16.I186.I153.I28,835,807,macro
32,30,.Ipsm.Ibrquad.I_m16x16.I186.I153.I29,835,781,macro
32,29,.Ipsm.Ibrquad.I_m16x16.I186.I153.I32,835,755,macro
31,29,.Ipsm.Ibrquad.I_m16x16.I186.I153.I36,809,755,macro
30,29,.Ipsm.Ibrquad.I_m16x16.I186.I153.I37,783,755,macro
29,29,.Ipsm.Ibrquad.I_m16x16.I186.I153.I39,757,755,macro
29,31,.Ipsm.Ibrquad.I_m16x16.I186.I153.I40,757,807,macro
30,31,.Ipsm.Ibrquad.I_m16x16.I186.I153.I41,783,807,macro
26,26,.Ipsm.Ibrquad.I_m16x16.I186.I158.I11,679,677,macro
27,27,.Ipsm.Ibrquad.I_m16x16.I186.I158.I17,705,703,macro
27,26,.Ipsm.Ibrquad.I_m16x16.I186.I158.I18,705,677,macro
25,26,.Ipsm.Ibrquad.I_m16x16.I186.I158.I21,653,677,macro
26,28,.Ipsm.Ibrquad.I_m16x16.I186.I158.I23,679,729,macro
25,28,.Ipsm.Ibrquad.I_m16x16.I186.I158.I24,653,729,macro
27,28,.Ipsm.Ibrquad.I_m16x16.I186.I158.I25,705,729,macro
28,28,.Ipsm.Ibrquad.I_m16x16.I186.I158.I26,731,729,macro
28,27,.Ipsm.Ibrquad.I_m16x16.I186.I158.I28,731,703,macro
28,26,.Ipsm.Ibrquad.I_m16x16.I186.I158.I29,731,677,macro
28,25,.Ipsm.Ibrquad.I_m16x16.I186.I158.I32,731,651,macro
27,25,.Ipsm.Ibrquad.I_m16x16.I186.I158.I36,705,651,macro
26,25,.Ipsm.Ibrquad.I_m16x16.I186.I158.I37,679,651,macro
25,25,.Ipsm.Ibrquad.I_m16x16.I186.I158.I39,653,651,macro
25,27,.Ipsm.Ibrquad.I_m16x16.I186.I158.I40,653,703,macro
26,27,.Ipsm.Ibrquad.I_m16x16.I186.I158.I41,679,703,macro
26,30,.Ipsm.Ibrquad.I_m16x16.I186.I159.I11,679,781,macro
27,31,.Ipsm.Ibrquad.I_m16x16.I186.I159.I17,705,807,macro
27,30,.Ipsm.Ibrquad.I_m16x16.I186.I159.I18,705,781,macro
25,30,.Ipsm.Ibrquad.I_m16x16.I186.I159.I21,653,781,macro
26,32,.Ipsm.Ibrquad.I_m16x16.I186.I159.I23,679,833,macro
25,32,.Ipsm.Ibrquad.I_m16x16.I186.I159.I24,653,833,macro
27,32,.Ipsm.Ibrquad.I_m16x16.I186.I159.I25,705,833,macro
28,32,.Ipsm.Ibrquad.I_m16x16.I186.I159.I26,731,833,macro
28,31,.Ipsm.Ibrquad.I_m16x16.I186.I159.I28,731,807,macro
28,30,.Ipsm.Ibrquad.I_m16x16.I186.I159.I29,731,781,macro
28,29,.Ipsm.Ibrquad.I_m16x16.I186.I159.I32,731,755,macro
27,29,.Ipsm.Ibrquad.I_m16x16.I186.I159.I36,705,755,macro
26,29,.Ipsm.Ibrquad.I_m16x16.I186.I159.I37,679,755,macro
25,29,.Ipsm.Ibrquad.I_m16x16.I186.I159.I39,653,755,macro
25,31,.Ipsm.Ibrquad.I_m16x16.I186.I159.I40,653,807,macro
26,31,.Ipsm.Ibrquad.I_m16x16.I186.I159.I41,679,807,macro
22,26,.Ipsm.Ibrquad.I_m16x16.I187.I152.I11,574,677,macro
23,27,.Ipsm.Ibrquad.I_m16x16.I187.I152.I17,600,703,macro
23,26,.Ipsm.Ibrquad.I_m16x16.I187.I152.I18,600,677,macro
21,26,.Ipsm.Ibrquad.I_m16x16.I187.I152.I21,548,677,macro
22,28,.Ipsm.Ibrquad.I_m16x16.I187.I152.I23,574,729,macro
21,28,.Ipsm.Ibrquad.I_m16x16.I187.I152.I24,548,729,macro
23,28,.Ipsm.Ibrquad.I_m16x16.I187.I152.I25,600,729,macro
24,28,.Ipsm.Ibrquad.I_m16x16.I187.I152.I26,626,729,macro
24,27,.Ipsm.Ibrquad.I_m16x16.I187.I152.I28,626,703,macro
24,26,.Ipsm.Ibrquad.I_m16x16.I187.I152.I29,626,677,macro
24,25,.Ipsm.Ibrquad.I_m16x16.I187.I152.I32,626,651,macro
23,25,.Ipsm.Ibrquad.I_m16x16.I187.I152.I36,600,651,macro
22,25,.Ipsm.Ibrquad.I_m16x16.I187.I152.I37,574,651,macro
21,25,.Ipsm.Ibrquad.I_m16x16.I187.I152.I39,548,651,macro
21,27,.Ipsm.Ibrquad.I_m16x16.I187.I152.I40,548,703,macro
22,27,.Ipsm.Ibrquad.I_m16x16.I187.I152.I41,574,703,macro
22,30,.Ipsm.Ibrquad.I_m16x16.I187.I153.I11,574,781,macro
23,31,.Ipsm.Ibrquad.I_m16x16.I187.I153.I17,600,807,macro
23,30,.Ipsm.Ibrquad.I_m16x16.I187.I153.I18,600,781,macro
21,30,.Ipsm.Ibrquad.I_m16x16.I187.I153.I21,548,781,macro
22,32,.Ipsm.Ibrquad.I_m16x16.I187.I153.I23,574,833,macro
21,32,.Ipsm.Ibrquad.I_m16x16.I187.I153.I24,548,833,macro
23,32,.Ipsm.Ibrquad.I_m16x16.I187.I153.I25,600,833,macro
24,32,.Ipsm.Ibrquad.I_m16x16.I187.I153.I26,626,833,macro
24,31,.Ipsm.Ibrquad.I_m16x16.I187.I153.I28,626,807,macro
24,30,.Ipsm.Ibrquad.I_m16x16.I187.I153.I29,626,781,macro
24,29,.Ipsm.Ibrquad.I_m16x16.I187.I153.I32,626,755,macro
23,29,.Ipsm.Ibrquad.I_m16x16.I187.I153.I36,600,755,macro
22,29,.Ipsm.Ibrquad.I_m16x16.I187.I153.I37,574,755,macro
21,29,.Ipsm.Ibrquad.I_m16x16.I187.I153.I39,548,755,macro
21,31,.Ipsm.Ibrquad.I_m16x16.I187.I153.I40,548,807,macro
22,31,.Ipsm.Ibrquad.I_m16x16.I187.I153.I41,574,807,macro
18,26,.Ipsm.Ibrquad.I_m16x16.I187.I158.I11,470,677,macro
19,27,.Ipsm.Ibrquad.I_m16x16.I187.I158.I17,496,703,macro
19,26,.Ipsm.Ibrquad.I_m16x16.I187.I158.I18,496,677,macro
17,26,.Ipsm.Ibrquad.I_m16x16.I187.I158.I21,444,677,macro
18,28,.Ipsm.Ibrquad.I_m16x16.I187.I158.I23,470,729,macro
17,28,.Ipsm.Ibrquad.I_m16x16.I187.I158.I24,444,729,macro
19,28,.Ipsm.Ibrquad.I_m16x16.I187.I158.I25,496,729,macro
20,28,.Ipsm.Ibrquad.I_m16x16.I187.I158.I26,522,729,macro
20,27,.Ipsm.Ibrquad.I_m16x16.I187.I158.I28,522,703,macro
20,26,.Ipsm.Ibrquad.I_m16x16.I187.I158.I29,522,677,macro
20,25,.Ipsm.Ibrquad.I_m16x16.I187.I158.I32,522,651,macro
19,25,.Ipsm.Ibrquad.I_m16x16.I187.I158.I36,496,651,macro
18,25,.Ipsm.Ibrquad.I_m16x16.I187.I158.I37,470,651,macro
17,25,.Ipsm.Ibrquad.I_m16x16.I187.I158.I39,444,651,macro
17,27,.Ipsm.Ibrquad.I_m16x16.I187.I158.I40,444,703,macro
18,27,.Ipsm.Ibrquad.I_m16x16.I187.I158.I41,470,703,macro
18,30,.Ipsm.Ibrquad.I_m16x16.I187.I159.I11,470,781,macro
19,31,.Ipsm.Ibrquad.I_m16x16.I187.I159.I17,496,807,macro
19,30,.Ipsm.Ibrquad.I_m16x16.I187.I159.I18,496,781,macro
17,30,.Ipsm.Ibrquad.I_m16x16.I187.I159.I21,444,781,macro
18,32,.Ipsm.Ibrquad.I_m16x16.I187.I159.I23,470,833,macro
17,32,.Ipsm.Ibrquad.I_m16x16.I187.I159.I24,444,833,macro
19,32,.Ipsm.Ibrquad.I_m16x16.I187.I159.I25,496,833,macro
20,32,.Ipsm.Ibrquad.I_m16x16.I187.I159.I26,522,833,macro
20,31,.Ipsm.Ibrquad.I_m16x16.I187.I159.I28,522,807,macro
20,30,.Ipsm.Ibrquad.I_m16x16.I187.I159.I29,522,781,macro
20,29,.Ipsm.Ibrquad.I_m16x16.I187.I159.I32,522,755,macro
19,29,.Ipsm.Ibrquad.I_m16x16.I187.I159.I36,496,755,macro
18,29,.Ipsm.Ibrquad.I_m16x16.I187.I159.I37,470,755,macro
17,29,.Ipsm.Ibrquad.I_m16x16.I187.I159.I39,444,755,macro
17,31,.Ipsm.Ibrquad.I_m16x16.I187.I159.I40,444,807,macro
18,31,.Ipsm.Ibrquad.I_m16x16.I187.I159.I41,470,807,macro
22,18,.Ipsm.Ibrquad.I_m16x16.I188.I152.I11,574,469,macro
23,19,.Ipsm.Ibrquad.I_m16x16.I188.I152.I17,600,495,macro
23,18,.Ipsm.Ibrquad.I_m16x16.I188.I152.I18,600,469,macro
21,18,.Ipsm.Ibrquad.I_m16x16.I188.I152.I21,548,469,macro
22,20,.Ipsm.Ibrquad.I_m16x16.I188.I152.I23,574,521,macro
21,20,.Ipsm.Ibrquad.I_m16x16.I188.I152.I24,548,521,macro
23,20,.Ipsm.Ibrquad.I_m16x16.I188.I152.I25,600,521,macro
24,20,.Ipsm.Ibrquad.I_m16x16.I188.I152.I26,626,521,macro
24,19,.Ipsm.Ibrquad.I_m16x16.I188.I152.I28,626,495,macro
24,18,.Ipsm.Ibrquad.I_m16x16.I188.I152.I29,626,469,macro
24,17,.Ipsm.Ibrquad.I_m16x16.I188.I152.I32,626,443,macro
23,17,.Ipsm.Ibrquad.I_m16x16.I188.I152.I36,600,443,macro
22,17,.Ipsm.Ibrquad.I_m16x16.I188.I152.I37,574,443,macro
21,17,.Ipsm.Ibrquad.I_m16x16.I188.I152.I39,548,443,macro
21,19,.Ipsm.Ibrquad.I_m16x16.I188.I152.I40,548,495,macro
22,19,.Ipsm.Ibrquad.I_m16x16.I188.I152.I41,574,495,macro
22,22,.Ipsm.Ibrquad.I_m16x16.I188.I153.I11,574,573,macro
23,23,.Ipsm.Ibrquad.I_m16x16.I188.I153.I17,600,599,macro
23,22,.Ipsm.Ibrquad.I_m16x16.I188.I153.I18,600,573,macro
21,22,.Ipsm.Ibrquad.I_m16x16.I188.I153.I21,548,573,macro
22,24,.Ipsm.Ibrquad.I_m16x16.I188.I153.I23,574,625,macro
21,24,.Ipsm.Ibrquad.I_m16x16.I188.I153.I24,548,625,macro
23,24,.Ipsm.Ibrquad.I_m16x16.I188.I153.I25,600,625,macro
24,24,.Ipsm.Ibrquad.I_m16x16.I188.I153.I26,626,625,macro
24,23,.Ipsm.Ibrquad.I_m16x16.I188.I153.I28,626,599,macro
24,22,.Ipsm.Ibrquad.I_m16x16.I188.I153.I29,626,573,macro
24,21,.Ipsm.Ibrquad.I_m16x16.I188.I153.I32,626,547,macro
23,21,.Ipsm.Ibrquad.I_m16x16.I188.I153.I36,600,547,macro
22,21,.Ipsm.Ibrquad.I_m16x16.I188.I153.I37,574,547,macro
21,21,.Ipsm.Ibrquad.I_m16x16.I188.I153.I39,548,547,macro
21,23,.Ipsm.Ibrquad.I_m16x16.I188.I153.I40,548,599,macro
22,23,.Ipsm.Ibrquad.I_m16x16.I188.I153.I41,574,599,macro
18,18,.Ipsm.Ibrquad.I_m16x16.I188.I158.I11,470,469,macro
19,19,.Ipsm.Ibrquad.I_m16x16.I188.I158.I17,496,495,macro
19,18,.Ipsm.Ibrquad.I_m16x16.I188.I158.I18,496,469,macro
17,18,.Ipsm.Ibrquad.I_m16x16.I188.I158.I21,444,469,macro
18,20,.Ipsm.Ibrquad.I_m16x16.I188.I158.I23,470,521,macro
17,20,.Ipsm.Ibrquad.I_m16x16.I188.I158.I24,444,521,macro
19,20,.Ipsm.Ibrquad.I_m16x16.I188.I158.I25,496,521,macro
20,20,.Ipsm.Ibrquad.I_m16x16.I188.I158.I26,522,521,macro
20,19,.Ipsm.Ibrquad.I_m16x16.I188.I158.I28,522,495,macro
20,18,.Ipsm.Ibrquad.I_m16x16.I188.I158.I29,522,469,macro
20,17,.Ipsm.Ibrquad.I_m16x16.I188.I158.I32,522,443,macro
19,17,.Ipsm.Ibrquad.I_m16x16.I188.I158.I36,496,443,macro
18,17,.Ipsm.Ibrquad.I_m16x16.I188.I158.I37,470,443,macro
17,17,.Ipsm.Ibrquad.I_m16x16.I188.I158.I39,444,443,macro
17,19,.Ipsm.Ibrquad.I_m16x16.I188.I158.I40,444,495,macro
18,19,.Ipsm.Ibrquad.I_m16x16.I188.I158.I41,470,495,macro
18,22,.Ipsm.Ibrquad.I_m16x16.I188.I159.I11,470,573,macro
19,23,.Ipsm.Ibrquad.I_m16x16.I188.I159.I17,496,599,macro
19,22,.Ipsm.Ibrquad.I_m16x16.I188.I159.I18,496,573,macro
17,22,.Ipsm.Ibrquad.I_m16x16.I188.I159.I21,444,573,macro
18,24,.Ipsm.Ibrquad.I_m16x16.I188.I159.I23,470,625,macro
17,24,.Ipsm.Ibrquad.I_m16x16.I188.I159.I24,444,625,macro
19,24,.Ipsm.Ibrquad.I_m16x16.I188.I159.I25,496,625,macro
20,24,.Ipsm.Ibrquad.I_m16x16.I188.I159.I26,522,625,macro
20,23,.Ipsm.Ibrquad.I_m16x16.I188.I159.I28,522,599,macro
20,22,.Ipsm.Ibrquad.I_m16x16.I188.I159.I29,522,573,macro
20,21,.Ipsm.Ibrquad.I_m16x16.I188.I159.I32,522,547,macro
19,21,.Ipsm.Ibrquad.I_m16x16.I188.I159.I36,496,547,macro
18,21,.Ipsm.Ibrquad.I_m16x16.I188.I159.I37,470,547,macro
17,21,.Ipsm.Ibrquad.I_m16x16.I188.I159.I39,444,547,macro
17,23,.Ipsm.Ibrquad.I_m16x16.I188.I159.I40,444,599,macro
18,23,.Ipsm.Ibrquad.I_m16x16.I188.I159.I41,470,599,macro
24,33,.Ipsm.Ibrquad.I_rb_if16.I12.I32,626,859,macro_interface_right
23,33,.Ipsm.Ibrquad.I_rb_if16.I12.I36,600,859,macro_interface_right
22,33,.Ipsm.Ibrquad.I_rb_if16.I12.I37,574,859,macro_interface_right
21,33,.Ipsm.Ibrquad.I_rb_if16.I12.I39,548,859,macro_interface_right
28,33,.Ipsm.Ibrquad.I_rb_if16.I13.I32,731,859,macro_interface_right
27,33,.Ipsm.Ibrquad.I_rb_if16.I13.I36,705,859,macro_interface_right
26,33,.Ipsm.Ibrquad.I_rb_if16.I13.I37,679,859,macro_interface_right
25,33,.Ipsm.Ibrquad.I_rb_if16.I13.I39,653,859,macro_interface_right
32,33,.Ipsm.Ibrquad.I_rb_if16.I14.I32,835,859,macro_interface_right
31,33,.Ipsm.Ibrquad.I_rb_if16.I14.I36,809,859,macro_interface_right
30,33,.Ipsm.Ibrquad.I_rb_if16.I14.I37,783,859,macro_interface_right
29,33,.Ipsm.Ibrquad.I_rb_if16.I14.I39,757,859,macro_interface_right
20,33,.Ipsm.Ibrquad.I_rb_if16.I6.I32,522,859,macro_interface_right
19,33,.Ipsm.Ibrquad.I_rb_if16.I6.I36,496,859,macro_interface_right
18,33,.Ipsm.Ibrquad.I_rb_if16.I6.I37,470,859,macro_interface_right
17,33,.Ipsm.Ibrquad.I_rb_if16.I6.I39,444,859,macro_interface_right
8,0,.Ipsm.Itlquad.I_lt_if16.I12.I32,209,1,macro_interface_left
7,0,.Ipsm.Itlquad.I_lt_if16.I12.I36,183,1,macro_interface_left
6,0,.Ipsm.Itlquad.I_lt_if16.I12.I37,157,1,macro_interface_left
5,0,.Ipsm.Itlquad.I_lt_if16.I12.I39,131,1,macro_interface_left
12,0,.Ipsm.Itlquad.I_lt_if16.I13.I32,314,1,macro_interface_left
11,0,.Ipsm.Itlquad.I_lt_if16.I13.I36,288,1,macro_interface_left
10,0,.Ipsm.Itlquad.I_lt_if16.I13.I37,262,1,macro_interface_left
9,0,.Ipsm.Itlquad.I_lt_if16.I13.I39,236,1,macro_interface_left
16,0,.Ipsm.Itlquad.I_lt_if16.I14.I32,418,1,macro_interface_left
15,0,.Ipsm.Itlquad.I_lt_if16.I14.I36,392,1,macro_interface_left
14,0,.Ipsm.Itlquad.I_lt_if16.I14.I37,366,1,macro_interface_left
13,0,.Ipsm.Itlquad.I_lt_if16.I14.I39,340,1,macro_interface_left
4,0,.Ipsm.Itlquad.I_lt_if16.I6.I32,105,1,macro_interface_left
3,0,.Ipsm.Itlquad.I_lt_if16.I6.I36,79,1,macro_interface_left
2,0,.Ipsm.Itlquad.I_lt_if16.I6.I37,53,1,macro_interface_left
1,0,.Ipsm.Itlquad.I_lt_if16.I6.I39,27,1,macro_interface_top_left
14,2,.Ipsm.Itlquad.I_m16x16.I185.I152.I11,366,53,macro
15,3,.Ipsm.Itlquad.I_m16x16.I185.I152.I17,392,79,macro
15,2,.Ipsm.Itlquad.I_m16x16.I185.I152.I18,392,53,macro
13,2,.Ipsm.Itlquad.I_m16x16.I185.I152.I21,340,53,macro
14,4,.Ipsm.Itlquad.I_m16x16.I185.I152.I23,366,105,macro
13,4,.Ipsm.Itlquad.I_m16x16.I185.I152.I24,340,105,macro
15,4,.Ipsm.Itlquad.I_m16x16.I185.I152.I25,392,105,macro
16,4,.Ipsm.Itlquad.I_m16x16.I185.I152.I26,418,105,macro
16,3,.Ipsm.Itlquad.I_m16x16.I185.I152.I28,418,79,macro
16,2,.Ipsm.Itlquad.I_m16x16.I185.I152.I29,418,53,macro
16,1,.Ipsm.Itlquad.I_m16x16.I185.I152.I32,418,27,macro
15,1,.Ipsm.Itlquad.I_m16x16.I185.I152.I36,392,27,macro
14,1,.Ipsm.Itlquad.I_m16x16.I185.I152.I37,366,27,macro
13,1,.Ipsm.Itlquad.I_m16x16.I185.I152.I39,340,27,macro
13,3,.Ipsm.Itlquad.I_m16x16.I185.I152.I40,340,79,macro
14,3,.Ipsm.Itlquad.I_m16x16.I185.I152.I41,366,79,macro
14,6,.Ipsm.Itlquad.I_m16x16.I185.I153.I11,366,157,macro
15,7,.Ipsm.Itlquad.I_m16x16.I185.I153.I17,392,183,macro
15,6,.Ipsm.Itlquad.I_m16x16.I185.I153.I18,392,157,macro
13,6,.Ipsm.Itlquad.I_m16x16.I185.I153.I21,340,157,macro
14,8,.Ipsm.Itlquad.I_m16x16.I185.I153.I23,366,209,macro
13,8,.Ipsm.Itlquad.I_m16x16.I185.I153.I24,340,209,macro
15,8,.Ipsm.Itlquad.I_m16x16.I185.I153.I25,392,209,macro
16,8,.Ipsm.Itlquad.I_m16x16.I185.I153.I26,418,209,macro
16,7,.Ipsm.Itlquad.I_m16x16.I185.I153.I28,418,183,macro
16,6,.Ipsm.Itlquad.I_m16x16.I185.I153.I29,418,157,macro
16,5,.Ipsm.Itlquad.I_m16x16.I185.I153.I32,418,131,macro
15,5,.Ipsm.Itlquad.I_m16x16.I185.I153.I36,392,131,macro
14,5,.Ipsm.Itlquad.I_m16x16.I185.I153.I37,366,131,macro
13,5,.Ipsm.Itlquad.I_m16x16.I185.I153.I39,340,131,macro
13,7,.Ipsm.Itlquad.I_m16x16.I185.I153.I40,340,183,macro
14,7,.Ipsm.Itlquad.I_m16x16.I185.I153.I41,366,183,macro
10,2,.Ipsm.Itlquad.I_m16x16.I185.I158.I11,262,53,macro
11,3,.Ipsm.Itlquad.I_m16x16.I185.I158.I17,288,79,macro
11,2,.Ipsm.Itlquad.I_m16x16.I185.I158.I18,288,53,macro
9,2,.Ipsm.Itlquad.I_m16x16.I185.I158.I21,236,53,macro
10,4,.Ipsm.Itlquad.I_m16x16.I185.I158.I23,262,105,macro
9,4,.Ipsm.Itlquad.I_m16x16.I185.I158.I24,236,105,macro
11,4,.Ipsm.Itlquad.I_m16x16.I185.I158.I25,288,105,macro
12,4,.Ipsm.Itlquad.I_m16x16.I185.I158.I26,314,105,macro
12,3,.Ipsm.Itlquad.I_m16x16.I185.I158.I28,314,79,macro
12,2,.Ipsm.Itlquad.I_m16x16.I185.I158.I29,314,53,macro
12,1,.Ipsm.Itlquad.I_m16x16.I185.I158.I32,314,27,macro
11,1,.Ipsm.Itlquad.I_m16x16.I185.I158.I36,288,27,macro
10,1,.Ipsm.Itlquad.I_m16x16.I185.I158.I37,262,27,macro
9,1,.Ipsm.Itlquad.I_m16x16.I185.I158.I39,236,27,macro
9,3,.Ipsm.Itlquad.I_m16x16.I185.I158.I40,236,79,macro
10,3,.Ipsm.Itlquad.I_m16x16.I185.I158.I41,262,79,macro
10,6,.Ipsm.Itlquad.I_m16x16.I185.I159.I11,262,157,macro
11,7,.Ipsm.Itlquad.I_m16x16.I185.I159.I17,288,183,macro
11,6,.Ipsm.Itlquad.I_m16x16.I185.I159.I18,288,157,macro
9,6,.Ipsm.Itlquad.I_m16x16.I185.I159.I21,236,157,macro
10,8,.Ipsm.Itlquad.I_m16x16.I185.I159.I23,262,209,macro
9,8,.Ipsm.Itlquad.I_m16x16.I185.I159.I24,236,209,macro_clk
11,8,.Ipsm.Itlquad.I_m16x16.I185.I159.I25,288,209,macro
12,8,.Ipsm.Itlquad.I_m16x16.I185.I159.I26,314,209,macro
12,7,.Ipsm.Itlquad.I_m16x16.I185.I159.I28,314,183,macro
12,6,.Ipsm.Itlquad.I_m16x16.I185.I159.I29,314,157,macro
12,5,.Ipsm.Itlquad.I_m16x16.I185.I159.I32,314,131,macro
11,5,.Ipsm.Itlquad.I_m16x16.I185.I159.I36,288,131,macro
10,5,.Ipsm.Itlquad.I_m16x16.I185.I159.I37,262,131,macro
9,5,.Ipsm.Itlquad.I_m16x16.I185.I159.I39,236,131,macro
9,7,.Ipsm.Itlquad.I_m16x16.I185.I159.I40,236,183,macro
10,7,.Ipsm.Itlquad.I_m16x16.I185.I159.I41,262,183,macro
14,10,.Ipsm.Itlquad.I_m16x16.I186.I152.I11,366,261,macro
15,11,.Ipsm.Itlquad.I_m16x16.I186.I152.I17,392,287,macro
15,10,.Ipsm.Itlquad.I_m16x16.I186.I152.I18,392,261,macro
13,10,.Ipsm.Itlquad.I_m16x16.I186.I152.I21,340,261,macro
14,12,.Ipsm.Itlquad.I_m16x16.I186.I152.I23,366,313,macro
13,12,.Ipsm.Itlquad.I_m16x16.I186.I152.I24,340,313,macro
15,12,.Ipsm.Itlquad.I_m16x16.I186.I152.I25,392,313,macro
16,12,.Ipsm.Itlquad.I_m16x16.I186.I152.I26,418,313,macro
16,11,.Ipsm.Itlquad.I_m16x16.I186.I152.I28,418,287,macro
16,10,.Ipsm.Itlquad.I_m16x16.I186.I152.I29,418,261,macro
16,9,.Ipsm.Itlquad.I_m16x16.I186.I152.I32,418,235,macro
15,9,.Ipsm.Itlquad.I_m16x16.I186.I152.I36,392,235,macro
14,9,.Ipsm.Itlquad.I_m16x16.I186.I152.I37,366,235,macro
13,9,.Ipsm.Itlquad.I_m16x16.I186.I152.I39,340,235,macro
13,11,.Ipsm.Itlquad.I_m16x16.I186.I152.I40,340,287,macro
14,11,.Ipsm.Itlquad.I_m16x16.I186.I152.I41,366,287,macro
14,14,.Ipsm.Itlquad.I_m16x16.I186.I153.I11,366,365,macro
15,15,.Ipsm.Itlquad.I_m16x16.I186.I153.I17,392,391,macro
15,14,.Ipsm.Itlquad.I_m16x16.I186.I153.I18,392,365,macro
13,14,.Ipsm.Itlquad.I_m16x16.I186.I153.I21,340,365,macro
14,16,.Ipsm.Itlquad.I_m16x16.I186.I153.I23,366,417,macro
13,16,.Ipsm.Itlquad.I_m16x16.I186.I153.I24,340,417,macro
15,16,.Ipsm.Itlquad.I_m16x16.I186.I153.I25,392,417,macro
16,16,.Ipsm.Itlquad.I_m16x16.I186.I153.I26,418,417,macro
16,15,.Ipsm.Itlquad.I_m16x16.I186.I153.I28,418,391,macro
16,14,.Ipsm.Itlquad.I_m16x16.I186.I153.I29,418,365,macro
16,13,.Ipsm.Itlquad.I_m16x16.I186.I153.I32,418,339,macro
15,13,.Ipsm.Itlquad.I_m16x16.I186.I153.I36,392,339,macro
14,13,.Ipsm.Itlquad.I_m16x16.I186.I153.I37,366,339,macro
13,13,.Ipsm.Itlquad.I_m16x16.I186.I153.I39,340,339,macro
13,15,.Ipsm.Itlquad.I_m16x16.I186.I153.I40,340,391,macro
14,15,.Ipsm.Itlquad.I_m16x16.I186.I153.I41,366,391,macro
10,10,.Ipsm.Itlquad.I_m16x16.I186.I158.I11,262,261,macro
11,11,.Ipsm.Itlquad.I_m16x16.I186.I158.I17,288,287,macro
11,10,.Ipsm.Itlquad.I_m16x16.I186.I158.I18,288,261,macro
9,10,.Ipsm.Itlquad.I_m16x16.I186.I158.I21,236,261,macro
10,12,.Ipsm.Itlquad.I_m16x16.I186.I158.I23,262,313,macro
9,12,.Ipsm.Itlquad.I_m16x16.I186.I158.I24,236,313,macro
11,12,.Ipsm.Itlquad.I_m16x16.I186.I158.I25,288,313,macro
12,12,.Ipsm.Itlquad.I_m16x16.I186.I158.I26,314,313,macro
12,11,.Ipsm.Itlquad.I_m16x16.I186.I158.I28,314,287,macro
12,10,.Ipsm.Itlquad.I_m16x16.I186.I158.I29,314,261,macro
12,9,.Ipsm.Itlquad.I_m16x16.I186.I158.I32,314,235,macro
11,9,.Ipsm.Itlquad.I_m16x16.I186.I158.I36,288,235,macro
10,9,.Ipsm.Itlquad.I_m16x16.I186.I158.I37,262,235,macro
9,9,.Ipsm.Itlquad.I_m16x16.I186.I158.I39,236,235,macro
9,11,.Ipsm.Itlquad.I_m16x16.I186.I158.I40,236,287,macro
10,11,.Ipsm.Itlquad.I_m16x16.I186.I158.I41,262,287,macro
10,14,.Ipsm.Itlquad.I_m16x16.I186.I159.I11,262,365,macro
11,15,.Ipsm.Itlquad.I_m16x16.I186.I159.I17,288,391,macro
11,14,.Ipsm.Itlquad.I_m16x16.I186.I159.I18,288,365,macro
9,14,.Ipsm.Itlquad.I_m16x16.I186.I159.I21,236,365,macro
10,16,.Ipsm.Itlquad.I_m16x16.I186.I159.I23,262,417,macro
9,16,.Ipsm.Itlquad.I_m16x16.I186.I159.I24,236,417,macro
11,16,.Ipsm.Itlquad.I_m16x16.I186.I159.I25,288,417,macro
12,16,.Ipsm.Itlquad.I_m16x16.I186.I159.I26,314,417,macro
12,15,.Ipsm.Itlquad.I_m16x16.I186.I159.I28,314,391,macro
12,14,.Ipsm.Itlquad.I_m16x16.I186.I159.I29,314,365,macro
12,13,.Ipsm.Itlquad.I_m16x16.I186.I159.I32,314,339,macro
11,13,.Ipsm.Itlquad.I_m16x16.I186.I159.I36,288,339,macro
10,13,.Ipsm.Itlquad.I_m16x16.I186.I159.I37,262,339,macro
9,13,.Ipsm.Itlquad.I_m16x16.I186.I159.I39,236,339,macro
9,15,.Ipsm.Itlquad.I_m16x16.I186.I159.I40,236,391,macro
10,15,.Ipsm.Itlquad.I_m16x16.I186.I159.I41,262,391,macro
6,10,.Ipsm.Itlquad.I_m16x16.I187.I152.I11,157,261,macro
7,11,.Ipsm.Itlquad.I_m16x16.I187.I152.I17,183,287,macro
7,10,.Ipsm.Itlquad.I_m16x16.I187.I152.I18,183,261,macro
5,10,.Ipsm.Itlquad.I_m16x16.I187.I152.I21,131,261,macro
6,12,.Ipsm.Itlquad.I_m16x16.I187.I152.I23,157,313,macro
5,12,.Ipsm.Itlquad.I_m16x16.I187.I152.I24,131,313,macro
7,12,.Ipsm.Itlquad.I_m16x16.I187.I152.I25,183,313,macro
8,12,.Ipsm.Itlquad.I_m16x16.I187.I152.I26,209,313,macro
8,11,.Ipsm.Itlquad.I_m16x16.I187.I152.I28,209,287,macro
8,10,.Ipsm.Itlquad.I_m16x16.I187.I152.I29,209,261,macro
8,9,.Ipsm.Itlquad.I_m16x16.I187.I152.I32,209,235,macro
7,9,.Ipsm.Itlquad.I_m16x16.I187.I152.I36,183,235,macro
6,9,.Ipsm.Itlquad.I_m16x16.I187.I152.I37,157,235,macro
5,9,.Ipsm.Itlquad.I_m16x16.I187.I152.I39,131,235,macro
5,11,.Ipsm.Itlquad.I_m16x16.I187.I152.I40,131,287,macro
6,11,.Ipsm.Itlquad.I_m16x16.I187.I152.I41,157,287,macro
6,14,.Ipsm.Itlquad.I_m16x16.I187.I153.I11,157,365,macro
7,15,.Ipsm.Itlquad.I_m16x16.I187.I153.I17,183,391,macro
7,14,.Ipsm.Itlquad.I_m16x16.I187.I153.I18,183,365,macro
5,14,.Ipsm.Itlquad.I_m16x16.I187.I153.I21,131,365,macro
6,16,.Ipsm.Itlquad.I_m16x16.I187.I153.I23,157,417,macro
5,16,.Ipsm.Itlquad.I_m16x16.I187.I153.I24,131,417,macro
7,16,.Ipsm.Itlquad.I_m16x16.I187.I153.I25,183,417,macro
8,16,.Ipsm.Itlquad.I_m16x16.I187.I153.I26,209,417,macro
8,15,.Ipsm.Itlquad.I_m16x16.I187.I153.I28,209,391,macro
8,14,.Ipsm.Itlquad.I_m16x16.I187.I153.I29,209,365,macro
8,13,.Ipsm.Itlquad.I_m16x16.I187.I153.I32,209,339,macro
7,13,.Ipsm.Itlquad.I_m16x16.I187.I153.I36,183,339,macro
6,13,.Ipsm.Itlquad.I_m16x16.I187.I153.I37,157,339,macro
5,13,.Ipsm.Itlquad.I_m16x16.I187.I153.I39,131,339,macro
5,15,.Ipsm.Itlquad.I_m16x16.I187.I153.I40,131,391,macro
6,15,.Ipsm.Itlquad.I_m16x16.I187.I153.I41,157,391,macro
2,10,.Ipsm.Itlquad.I_m16x16.I187.I158.I11,53,261,macro
3,11,.Ipsm.Itlquad.I_m16x16.I187.I158.I17,79,287,macro
3,10,.Ipsm.Itlquad.I_m16x16.I187.I158.I18,79,261,macro
1,10,.Ipsm.Itlquad.I_m16x16.I187.I158.I21,27,261,macro
2,12,.Ipsm.Itlquad.I_m16x16.I187.I158.I23,53,313,macro
1,12,.Ipsm.Itlquad.I_m16x16.I187.I158.I24,27,313,macro
3,12,.Ipsm.Itlquad.I_m16x16.I187.I158.I25,79,313,macro
4,12,.Ipsm.Itlquad.I_m16x16.I187.I158.I26,105,313,macro
4,11,.Ipsm.Itlquad.I_m16x16.I187.I158.I28,105,287,macro
4,10,.Ipsm.Itlquad.I_m16x16.I187.I158.I29,105,261,macro
4,9,.Ipsm.Itlquad.I_m16x16.I187.I158.I32,105,235,macro
3,9,.Ipsm.Itlquad.I_m16x16.I187.I158.I36,79,235,macro
2,9,.Ipsm.Itlquad.I_m16x16.I187.I158.I37,53,235,macro
1,9,.Ipsm.Itlquad.I_m16x16.I187.I158.I39,27,235,macro
1,11,.Ipsm.Itlquad.I_m16x16.I187.I158.I40,27,287,macro
2,11,.Ipsm.Itlquad.I_m16x16.I187.I158.I41,53,287,macro
2,14,.Ipsm.Itlquad.I_m16x16.I187.I159.I11,53,365,macro
3,15,.Ipsm.Itlquad.I_m16x16.I187.I159.I17,79,391,macro
3,14,.Ipsm.Itlquad.I_m16x16.I187.I159.I18,79,365,macro
1,14,.Ipsm.Itlquad.I_m16x16.I187.I159.I21,27,365,macro
2,16,.Ipsm.Itlquad.I_m16x16.I187.I159.I23,53,417,macro
1,16,.Ipsm.Itlquad.I_m16x16.I187.I159.I24,27,417,macro
3,16,.Ipsm.Itlquad.I_m16x16.I187.I159.I25,79,417,macro
4,16,.Ipsm.Itlquad.I_m16x16.I187.I159.I26,105,417,macro
4,15,.Ipsm.Itlquad.I_m16x16.I187.I159.I28,105,391,macro
4,14,.Ipsm.Itlquad.I_m16x16.I187.I159.I29,105,365,macro
4,13,.Ipsm.Itlquad.I_m16x16.I187.I159.I32,105,339,macro
3,13,.Ipsm.Itlquad.I_m16x16.I187.I159.I36,79,339,macro
2,13,.Ipsm.Itlquad.I_m16x16.I187.I159.I37,53,339,macro
1,13,.Ipsm.Itlquad.I_m16x16.I187.I159.I39,27,339,macro
1,15,.Ipsm.Itlquad.I_m16x16.I187.I159.I40,27,391,macro
2,15,.Ipsm.Itlquad.I_m16x16.I187.I159.I41,53,391,macro
6,2,.Ipsm.Itlquad.I_m16x16.I188.I152.I11,157,53,macro
7,3,.Ipsm.Itlquad.I_m16x16.I188.I152.I17,183,79,macro
7,2,.Ipsm.Itlquad.I_m16x16.I188.I152.I18,183,53,macro
5,2,.Ipsm.Itlquad.I_m16x16.I188.I152.I21,131,53,macro
6,4,.Ipsm.Itlquad.I_m16x16.I188.I152.I23,157,105,macro
5,4,.Ipsm.Itlquad.I_m16x16.I188.I152.I24,131,105,macro
7,4,.Ipsm.Itlquad.I_m16x16.I188.I152.I25,183,105,macro
8,4,.Ipsm.Itlquad.I_m16x16.I188.I152.I26,209,105,macro
8,3,.Ipsm.Itlquad.I_m16x16.I188.I152.I28,209,79,macro
8,2,.Ipsm.Itlquad.I_m16x16.I188.I152.I29,209,53,macro
8,1,.Ipsm.Itlquad.I_m16x16.I188.I152.I32,209,27,macro
7,1,.Ipsm.Itlquad.I_m16x16.I188.I152.I36,183,27,macro
6,1,.Ipsm.Itlquad.I_m16x16.I188.I152.I37,157,27,macro
5,1,.Ipsm.Itlquad.I_m16x16.I188.I152.I39,131,27,macro
5,3,.Ipsm.Itlquad.I_m16x16.I188.I152.I40,131,79,macro
6,3,.Ipsm.Itlquad.I_m16x16.I188.I152.I41,157,79,macro
6,6,.Ipsm.Itlquad.I_m16x16.I188.I153.I11,157,157,macro
7,7,.Ipsm.Itlquad.I_m16x16.I188.I153.I17,183,183,macro
7,6,.Ipsm.Itlquad.I_m16x16.I188.I153.I18,183,157,macro
5,6,.Ipsm.Itlquad.I_m16x16.I188.I153.I21,131,157,macro
6,8,.Ipsm.Itlquad.I_m16x16.I188.I153.I23,157,209,macro
5,8,.Ipsm.Itlquad.I_m16x16.I188.I153.I24,131,209,macro
7,8,.Ipsm.Itlquad.I_m16x16.I188.I153.I25,183,209,macro
8,8,.Ipsm.Itlquad.I_m16x16.I188.I153.I26,209,209,macro
8,7,.Ipsm.Itlquad.I_m16x16.I188.I153.I28,209,183,macro
8,6,.Ipsm.Itlquad.I_m16x16.I188.I153.I29,209,157,macro
8,5,.Ipsm.Itlquad.I_m16x16.I188.I153.I32,209,131,macro
7,5,.Ipsm.Itlquad.I_m16x16.I188.I153.I36,183,131,macro
6,5,.Ipsm.Itlquad.I_m16x16.I188.I153.I37,157,131,macro
5,5,.Ipsm.Itlquad.I_m16x16.I188.I153.I39,131,131,macro
5,7,.Ipsm.Itlquad.I_m16x16.I188.I153.I40,131,183,macro
6,7,.Ipsm.Itlquad.I_m16x16.I188.I153.I41,157,183,macro
2,2,.Ipsm.Itlquad.I_m16x16.I188.I158.I11,53,53,macro
3,3,.Ipsm.Itlquad.I_m16x16.I188.I158.I17,79,79,macro
3,2,.Ipsm.Itlquad.I_m16x16.I188.I158.I18,79,53,macro
1,2,.Ipsm.Itlquad.I_m16x16.I188.I158.I21,27,53,macro
2,4,.Ipsm.Itlquad.I_m16x16.I188.I158.I23,53,105,macro
1,4,.Ipsm.Itlquad.I_m16x16.I188.I158.I24,27,105,macro
3,4,.Ipsm.Itlquad.I_m16x16.I188.I158.I25,79,105,macro
4,4,.Ipsm.Itlquad.I_m16x16.I188.I158.I26,105,105,macro
4,3,.Ipsm.Itlquad.I_m16x16.I188.I158.I28,105,79,macro
4,2,.Ipsm.Itlquad.I_m16x16.I188.I158.I29,105,53,macro
4,1,.Ipsm.Itlquad.I_m16x16.I188.I158.I32,105,27,macro
3,1,.Ipsm.Itlquad.I_m16x16.I188.I158.I36,79,27,macro
2,1,.Ipsm.Itlquad.I_m16x16.I188.I158.I37,53,27,macro
1,1,.Ipsm.Itlquad.I_m16x16.I188.I158.I39,27,27,macro
1,3,.Ipsm.Itlquad.I_m16x16.I188.I158.I40,27,79,macro
2,3,.Ipsm.Itlquad.I_m16x16.I188.I158.I41,53,79,macro
2,6,.Ipsm.Itlquad.I_m16x16.I188.I159.I11,53,157,macro
3,7,.Ipsm.Itlquad.I_m16x16.I188.I159.I17,79,183,macro
3,6,.Ipsm.Itlquad.I_m16x16.I188.I159.I18,79,157,macro
1,6,.Ipsm.Itlquad.I_m16x16.I188.I159.I21,27,157,macro
2,8,.Ipsm.Itlquad.I_m16x16.I188.I159.I23,53,209,macro
1,8,.Ipsm.Itlquad.I_m16x16.I188.I159.I24,27,209,macro
3,8,.Ipsm.Itlquad.I_m16x16.I188.I159.I25,79,209,macro
4,8,.Ipsm.Itlquad.I_m16x16.I188.I159.I26,105,209,macro
4,7,.Ipsm.Itlquad.I_m16x16.I188.I159.I28,105,183,macro
4,6,.Ipsm.Itlquad.I_m16x16.I188.I159.I29,105,157,macro
4,5,.Ipsm.Itlquad.I_m16x16.I188.I159.I32,105,131,macro
3,5,.Ipsm.Itlquad.I_m16x16.I188.I159.I36,79,131,macro
2,5,.Ipsm.Itlquad.I_m16x16.I188.I159.I37,53,131,macro
1,5,.Ipsm.Itlquad.I_m16x16.I188.I159.I39,27,131,macro
1,7,.Ipsm.Itlquad.I_m16x16.I188.I159.I40,27,183,macro
2,7,.Ipsm.Itlquad.I_m16x16.I188.I159.I41,53,183,macro
0,1,.Ipsm.Itlquad.I_tl_if16.I0.Iif0,1,27,macro_interface_top
0,2,.Ipsm.Itlquad.I_tl_if16.I0.Iif1,1,53,macro_interface_top
0,3,.Ipsm.Itlquad.I_tl_if16.I0.Iif2,1,79,macro_interface_top
0,4,.Ipsm.Itlquad.I_tl_if16.I0.Iif3,1,105,macro_interface_top
0,5,.Ipsm.Itlquad.I_tl_if16.I1.Iif0,1,131,macro_interface_top
0,6,.Ipsm.Itlquad.I_tl_if16.I1.Iif1,1,157,macro_interface_top
0,7,.Ipsm.Itlquad.I_tl_if16.I1.Iif2,1,183,macro_interface_top
0,8,.Ipsm.Itlquad.I_tl_if16.I1.Iif3,1,209,macro_interface_top
0,9,.Ipsm.Itlquad.I_tl_if16.I2.Iif0,1,235,macro_interface_top
0,10,.Ipsm.Itlquad.I_tl_if16.I2.Iif1,1,261,macro_interface_top
0,11,.Ipsm.Itlquad.I_tl_if16.I2.Iif2,1,287,macro_interface_top
0,12,.Ipsm.Itlquad.I_tl_if16.I2.Iif3,1,313,macro_interface_top
0,13,.Ipsm.Itlquad.I_tl_if16.I4.Iif0,1,339,macro_interface_top
0,14,.Ipsm.Itlquad.I_tl_if16.I4.Iif1,1,365,macro_interface_top
0,15,.Ipsm.Itlquad.I_tl_if16.I4.Iif2,1,391,macro_interface_top
0,16,.Ipsm.Itlquad.I_tl_if16.I4.Iif3,1,417,macro_interface_top
14,18,.Ipsm.Itrquad.I_m16x16.I185.I152.I11,366,469,macro
15,19,.Ipsm.Itrquad.I_m16x16.I185.I152.I17,392,495,macro
15,18,.Ipsm.Itrquad.I_m16x16.I185.I152.I18,392,469,macro
13,18,.Ipsm.Itrquad.I_m16x16.I185.I152.I21,340,469,macro
14,20,.Ipsm.Itrquad.I_m16x16.I185.I152.I23,366,521,macro
13,20,.Ipsm.Itrquad.I_m16x16.I185.I152.I24,340,521,macro
15,20,.Ipsm.Itrquad.I_m16x16.I185.I152.I25,392,521,macro
16,20,.Ipsm.Itrquad.I_m16x16.I185.I152.I26,418,521,macro
16,19,.Ipsm.Itrquad.I_m16x16.I185.I152.I28,418,495,macro
16,18,.Ipsm.Itrquad.I_m16x16.I185.I152.I29,418,469,macro
16,17,.Ipsm.Itrquad.I_m16x16.I185.I152.I32,418,443,macro
15,17,.Ipsm.Itrquad.I_m16x16.I185.I152.I36,392,443,macro
14,17,.Ipsm.Itrquad.I_m16x16.I185.I152.I37,366,443,macro
13,17,.Ipsm.Itrquad.I_m16x16.I185.I152.I39,340,443,macro
13,19,.Ipsm.Itrquad.I_m16x16.I185.I152.I40,340,495,macro
14,19,.Ipsm.Itrquad.I_m16x16.I185.I152.I41,366,495,macro
14,22,.Ipsm.Itrquad.I_m16x16.I185.I153.I11,366,573,macro
15,23,.Ipsm.Itrquad.I_m16x16.I185.I153.I17,392,599,macro
15,22,.Ipsm.Itrquad.I_m16x16.I185.I153.I18,392,573,macro
13,22,.Ipsm.Itrquad.I_m16x16.I185.I153.I21,340,573,macro
14,24,.Ipsm.Itrquad.I_m16x16.I185.I153.I23,366,625,macro
13,24,.Ipsm.Itrquad.I_m16x16.I185.I153.I24,340,625,macro
15,24,.Ipsm.Itrquad.I_m16x16.I185.I153.I25,392,625,macro
16,24,.Ipsm.Itrquad.I_m16x16.I185.I153.I26,418,625,macro
16,23,.Ipsm.Itrquad.I_m16x16.I185.I153.I28,418,599,macro
16,22,.Ipsm.Itrquad.I_m16x16.I185.I153.I29,418,573,macro
16,21,.Ipsm.Itrquad.I_m16x16.I185.I153.I32,418,547,macro
15,21,.Ipsm.Itrquad.I_m16x16.I185.I153.I36,392,547,macro
14,21,.Ipsm.Itrquad.I_m16x16.I185.I153.I37,366,547,macro
13,21,.Ipsm.Itrquad.I_m16x16.I185.I153.I39,340,547,macro
13,23,.Ipsm.Itrquad.I_m16x16.I185.I153.I40,340,599,macro
14,23,.Ipsm.Itrquad.I_m16x16.I185.I153.I41,366,599,macro
10,18,.Ipsm.Itrquad.I_m16x16.I185.I158.I11,262,469,macro
11,19,.Ipsm.Itrquad.I_m16x16.I185.I158.I17,288,495,macro
11,18,.Ipsm.Itrquad.I_m16x16.I185.I158.I18,288,469,macro
9,18,.Ipsm.Itrquad.I_m16x16.I185.I158.I21,236,469,macro
10,20,.Ipsm.Itrquad.I_m16x16.I185.I158.I23,262,521,macro
9,20,.Ipsm.Itrquad.I_m16x16.I185.I158.I24,236,521,macro
11,20,.Ipsm.Itrquad.I_m16x16.I185.I158.I25,288,521,macro
12,20,.Ipsm.Itrquad.I_m16x16.I185.I158.I26,314,521,macro
12,19,.Ipsm.Itrquad.I_m16x16.I185.I158.I28,314,495,macro
12,18,.Ipsm.Itrquad.I_m16x16.I185.I158.I29,314,469,macro
12,17,.Ipsm.Itrquad.I_m16x16.I185.I158.I32,314,443,macro
11,17,.Ipsm.Itrquad.I_m16x16.I185.I158.I36,288,443,macro
10,17,.Ipsm.Itrquad.I_m16x16.I185.I158.I37,262,443,macro
9,17,.Ipsm.Itrquad.I_m16x16.I185.I158.I39,236,443,macro
9,19,.Ipsm.Itrquad.I_m16x16.I185.I158.I40,236,495,macro
10,19,.Ipsm.Itrquad.I_m16x16.I185.I158.I41,262,495,macro
10,22,.Ipsm.Itrquad.I_m16x16.I185.I159.I11,262,573,macro
11,23,.Ipsm.Itrquad.I_m16x16.I185.I159.I17,288,599,macro
11,22,.Ipsm.Itrquad.I_m16x16.I185.I159.I18,288,573,macro
9,22,.Ipsm.Itrquad.I_m16x16.I185.I159.I21,236,573,macro
10,24,.Ipsm.Itrquad.I_m16x16.I185.I159.I23,262,625,macro
9,24,.Ipsm.Itrquad.I_m16x16.I185.I159.I24,236,625,macro_clk
11,24,.Ipsm.Itrquad.I_m16x16.I185.I159.I25,288,625,macro
12,24,.Ipsm.Itrquad.I_m16x16.I185.I159.I26,314,625,macro
12,23,.Ipsm.Itrquad.I_m16x16.I185.I159.I28,314,599,macro
12,22,.Ipsm.Itrquad.I_m16x16.I185.I159.I29,314,573,macro
12,21,.Ipsm.Itrquad.I_m16x16.I185.I159.I32,314,547,macro
11,21,.Ipsm.Itrquad.I_m16x16.I185.I159.I36,288,547,macro
10,21,.Ipsm.Itrquad.I_m16x16.I185.I159.I37,262,547,macro
9,21,.Ipsm.Itrquad.I_m16x16.I185.I159.I39,236,547,macro
9,23,.Ipsm.Itrquad.I_m16x16.I185.I159.I40,236,599,macro
10,23,.Ipsm.Itrquad.I_m16x16.I185.I159.I41,262,599,macro
14,26,.Ipsm.Itrquad.I_m16x16.I186.I152.I11,366,677,macro
15,27,.Ipsm.Itrquad.I_m16x16.I186.I152.I17,392,703,macro
15,26,.Ipsm.Itrquad.I_m16x16.I186.I152.I18,392,677,macro
13,26,.Ipsm.Itrquad.I_m16x16.I186.I152.I21,340,677,macro
14,28,.Ipsm.Itrquad.I_m16x16.I186.I152.I23,366,729,macro
13,28,.Ipsm.Itrquad.I_m16x16.I186.I152.I24,340,729,macro
15,28,.Ipsm.Itrquad.I_m16x16.I186.I152.I25,392,729,macro
16,28,.Ipsm.Itrquad.I_m16x16.I186.I152.I26,418,729,macro
16,27,.Ipsm.Itrquad.I_m16x16.I186.I152.I28,418,703,macro
16,26,.Ipsm.Itrquad.I_m16x16.I186.I152.I29,418,677,macro
16,25,.Ipsm.Itrquad.I_m16x16.I186.I152.I32,418,651,macro
15,25,.Ipsm.Itrquad.I_m16x16.I186.I152.I36,392,651,macro
14,25,.Ipsm.Itrquad.I_m16x16.I186.I152.I37,366,651,macro
13,25,.Ipsm.Itrquad.I_m16x16.I186.I152.I39,340,651,macro
13,27,.Ipsm.Itrquad.I_m16x16.I186.I152.I40,340,703,macro
14,27,.Ipsm.Itrquad.I_m16x16.I186.I152.I41,366,703,macro
14,30,.Ipsm.Itrquad.I_m16x16.I186.I153.I11,366,781,macro
15,31,.Ipsm.Itrquad.I_m16x16.I186.I153.I17,392,807,macro
15,30,.Ipsm.Itrquad.I_m16x16.I186.I153.I18,392,781,macro
13,30,.Ipsm.Itrquad.I_m16x16.I186.I153.I21,340,781,macro
14,32,.Ipsm.Itrquad.I_m16x16.I186.I153.I23,366,833,macro
13,32,.Ipsm.Itrquad.I_m16x16.I186.I153.I24,340,833,macro
15,32,.Ipsm.Itrquad.I_m16x16.I186.I153.I25,392,833,macro
16,32,.Ipsm.Itrquad.I_m16x16.I186.I153.I26,418,833,macro
16,31,.Ipsm.Itrquad.I_m16x16.I186.I153.I28,418,807,macro
16,30,.Ipsm.Itrquad.I_m16x16.I186.I153.I29,418,781,macro
16,29,.Ipsm.Itrquad.I_m16x16.I186.I153.I32,418,755,macro
15,29,.Ipsm.Itrquad.I_m16x16.I186.I153.I36,392,755,macro
14,29,.Ipsm.Itrquad.I_m16x16.I186.I153.I37,366,755,macro
13,29,.Ipsm.Itrquad.I_m16x16.I186.I153.I39,340,755,macro
13,31,.Ipsm.Itrquad.I_m16x16.I186.I153.I40,340,807,macro
14,31,.Ipsm.Itrquad.I_m16x16.I186.I153.I41,366,807,macro
10,26,.Ipsm.Itrquad.I_m16x16.I186.I158.I11,262,677,macro
11,27,.Ipsm.Itrquad.I_m16x16.I186.I158.I17,288,703,macro
11,26,.Ipsm.Itrquad.I_m16x16.I186.I158.I18,288,677,macro
9,26,.Ipsm.Itrquad.I_m16x16.I186.I158.I21,236,677,macro
10,28,.Ipsm.Itrquad.I_m16x16.I186.I158.I23,262,729,macro
9,28,.Ipsm.Itrquad.I_m16x16.I186.I158.I24,236,729,macro
11,28,.Ipsm.Itrquad.I_m16x16.I186.I158.I25,288,729,macro
12,28,.Ipsm.Itrquad.I_m16x16.I186.I158.I26,314,729,macro
12,27,.Ipsm.Itrquad.I_m16x16.I186.I158.I28,314,703,macro
12,26,.Ipsm.Itrquad.I_m16x16.I186.I158.I29,314,677,macro
12,25,.Ipsm.Itrquad.I_m16x16.I186.I158.I32,314,651,macro
11,25,.Ipsm.Itrquad.I_m16x16.I186.I158.I36,288,651,macro
10,25,.Ipsm.Itrquad.I_m16x16.I186.I158.I37,262,651,macro
9,25,.Ipsm.Itrquad.I_m16x16.I186.I158.I39,236,651,macro
9,27,.Ipsm.Itrquad.I_m16x16.I186.I158.I40,236,703,macro
10,27,.Ipsm.Itrquad.I_m16x16.I186.I158.I41,262,703,macro
10,30,.Ipsm.Itrquad.I_m16x16.I186.I159.I11,262,781,macro
11,31,.Ipsm.Itrquad.I_m16x16.I186.I159.I17,288,807,macro
11,30,.Ipsm.Itrquad.I_m16x16.I186.I159.I18,288,781,macro
9,30,.Ipsm.Itrquad.I_m16x16.I186.I159.I21,236,781,macro
10,32,.Ipsm.Itrquad.I_m16x16.I186.I159.I23,262,833,macro
9,32,.Ipsm.Itrquad.I_m16x16.I186.I159.I24,236,833,macro
11,32,.Ipsm.Itrquad.I_m16x16.I186.I159.I25,288,833,macro
12,32,.Ipsm.Itrquad.I_m16x16.I186.I159.I26,314,833,macro
12,31,.Ipsm.Itrquad.I_m16x16.I186.I159.I28,314,807,macro
12,30,.Ipsm.Itrquad.I_m16x16.I186.I159.I29,314,781,macro
12,29,.Ipsm.Itrquad.I_m16x16.I186.I159.I32,314,755,macro
11,29,.Ipsm.Itrquad.I_m16x16.I186.I159.I36,288,755,macro
10,29,.Ipsm.Itrquad.I_m16x16.I186.I159.I37,262,755,macro
9,29,.Ipsm.Itrquad.I_m16x16.I186.I159.I39,236,755,macro
9,31,.Ipsm.Itrquad.I_m16x16.I186.I159.I40,236,807,macro
10,31,.Ipsm.Itrquad.I_m16x16.I186.I159.I41,262,807,macro
6,26,.Ipsm.Itrquad.I_m16x16.I187.I152.I11,157,677,macro
7,27,.Ipsm.Itrquad.I_m16x16.I187.I152.I17,183,703,macro
7,26,.Ipsm.Itrquad.I_m16x16.I187.I152.I18,183,677,macro
5,26,.Ipsm.Itrquad.I_m16x16.I187.I152.I21,131,677,macro
6,28,.Ipsm.Itrquad.I_m16x16.I187.I152.I23,157,729,macro
5,28,.Ipsm.Itrquad.I_m16x16.I187.I152.I24,131,729,macro
7,28,.Ipsm.Itrquad.I_m16x16.I187.I152.I25,183,729,macro
8,28,.Ipsm.Itrquad.I_m16x16.I187.I152.I26,209,729,macro
8,27,.Ipsm.Itrquad.I_m16x16.I187.I152.I28,209,703,macro
8,26,.Ipsm.Itrquad.I_m16x16.I187.I152.I29,209,677,macro
8,25,.Ipsm.Itrquad.I_m16x16.I187.I152.I32,209,651,macro
7,25,.Ipsm.Itrquad.I_m16x16.I187.I152.I36,183,651,macro
6,25,.Ipsm.Itrquad.I_m16x16.I187.I152.I37,157,651,macro
5,25,.Ipsm.Itrquad.I_m16x16.I187.I152.I39,131,651,macro
5,27,.Ipsm.Itrquad.I_m16x16.I187.I152.I40,131,703,macro
6,27,.Ipsm.Itrquad.I_m16x16.I187.I152.I41,157,703,macro
6,30,.Ipsm.Itrquad.I_m16x16.I187.I153.I11,157,781,macro
7,31,.Ipsm.Itrquad.I_m16x16.I187.I153.I17,183,807,macro
7,30,.Ipsm.Itrquad.I_m16x16.I187.I153.I18,183,781,macro
5,30,.Ipsm.Itrquad.I_m16x16.I187.I153.I21,131,781,macro
6,32,.Ipsm.Itrquad.I_m16x16.I187.I153.I23,157,833,macro
5,32,.Ipsm.Itrquad.I_m16x16.I187.I153.I24,131,833,macro
7,32,.Ipsm.Itrquad.I_m16x16.I187.I153.I25,183,833,macro
8,32,.Ipsm.Itrquad.I_m16x16.I187.I153.I26,209,833,macro
8,31,.Ipsm.Itrquad.I_m16x16.I187.I153.I28,209,807,macro
8,30,.Ipsm.Itrquad.I_m16x16.I187.I153.I29,209,781,macro
8,29,.Ipsm.Itrquad.I_m16x16.I187.I153.I32,209,755,macro
7,29,.Ipsm.Itrquad.I_m16x16.I187.I153.I36,183,755,macro
6,29,.Ipsm.Itrquad.I_m16x16.I187.I153.I37,157,755,macro
5,29,.Ipsm.Itrquad.I_m16x16.I187.I153.I39,131,755,macro
5,31,.Ipsm.Itrquad.I_m16x16.I187.I153.I40,131,807,macro
6,31,.Ipsm.Itrquad.I_m16x16.I187.I153.I41,157,807,macro
2,26,.Ipsm.Itrquad.I_m16x16.I187.I158.I11,53,677,macro
3,27,.Ipsm.Itrquad.I_m16x16.I187.I158.I17,79,703,macro
3,26,.Ipsm.Itrquad.I_m16x16.I187.I158.I18,79,677,macro
1,26,.Ipsm.Itrquad.I_m16x16.I187.I158.I21,27,677,macro
2,28,.Ipsm.Itrquad.I_m16x16.I187.I158.I23,53,729,macro
1,28,.Ipsm.Itrquad.I_m16x16.I187.I158.I24,27,729,macro
3,28,.Ipsm.Itrquad.I_m16x16.I187.I158.I25,79,729,macro
4,28,.Ipsm.Itrquad.I_m16x16.I187.I158.I26,105,729,macro
4,27,.Ipsm.Itrquad.I_m16x16.I187.I158.I28,105,703,macro
4,26,.Ipsm.Itrquad.I_m16x16.I187.I158.I29,105,677,macro
4,25,.Ipsm.Itrquad.I_m16x16.I187.I158.I32,105,651,macro
3,25,.Ipsm.Itrquad.I_m16x16.I187.I158.I36,79,651,macro
2,25,.Ipsm.Itrquad.I_m16x16.I187.I158.I37,53,651,macro
1,25,.Ipsm.Itrquad.I_m16x16.I187.I158.I39,27,651,macro
1,27,.Ipsm.Itrquad.I_m16x16.I187.I158.I40,27,703,macro
2,27,.Ipsm.Itrquad.I_m16x16.I187.I158.I41,53,703,macro
2,30,.Ipsm.Itrquad.I_m16x16.I187.I159.I11,53,781,macro
3,31,.Ipsm.Itrquad.I_m16x16.I187.I159.I17,79,807,macro
3,30,.Ipsm.Itrquad.I_m16x16.I187.I159.I18,79,781,macro
1,30,.Ipsm.Itrquad.I_m16x16.I187.I159.I21,27,781,macro
2,32,.Ipsm.Itrquad.I_m16x16.I187.I159.I23,53,833,macro
1,32,.Ipsm.Itrquad.I_m16x16.I187.I159.I24,27,833,macro
3,32,.Ipsm.Itrquad.I_m16x16.I187.I159.I25,79,833,macro
4,32,.Ipsm.Itrquad.I_m16x16.I187.I159.I26,105,833,macro
4,31,.Ipsm.Itrquad.I_m16x16.I187.I159.I28,105,807,macro
4,30,.Ipsm.Itrquad.I_m16x16.I187.I159.I29,105,781,macro
4,29,.Ipsm.Itrquad.I_m16x16.I187.I159.I32,105,755,macro
3,29,.Ipsm.Itrquad.I_m16x16.I187.I159.I36,79,755,macro
2,29,.Ipsm.Itrquad.I_m16x16.I187.I159.I37,53,755,macro
1,29,.Ipsm.Itrquad.I_m16x16.I187.I159.I39,27,755,macro
1,31,.Ipsm.Itrquad.I_m16x16.I187.I159.I40,27,807,macro
2,31,.Ipsm.Itrquad.I_m16x16.I187.I159.I41,53,807,macro
6,18,.Ipsm.Itrquad.I_m16x16.I188.I152.I11,157,469,macro
7,19,.Ipsm.Itrquad.I_m16x16.I188.I152.I17,183,495,macro
7,18,.Ipsm.Itrquad.I_m16x16.I188.I152.I18,183,469,macro
5,18,.Ipsm.Itrquad.I_m16x16.I188.I152.I21,131,469,macro
6,20,.Ipsm.Itrquad.I_m16x16.I188.I152.I23,157,521,macro
5,20,.Ipsm.Itrquad.I_m16x16.I188.I152.I24,131,521,macro
7,20,.Ipsm.Itrquad.I_m16x16.I188.I152.I25,183,521,macro
8,20,.Ipsm.Itrquad.I_m16x16.I188.I152.I26,209,521,macro
8,19,.Ipsm.Itrquad.I_m16x16.I188.I152.I28,209,495,macro
8,18,.Ipsm.Itrquad.I_m16x16.I188.I152.I29,209,469,macro
8,17,.Ipsm.Itrquad.I_m16x16.I188.I152.I32,209,443,macro
7,17,.Ipsm.Itrquad.I_m16x16.I188.I152.I36,183,443,macro
6,17,.Ipsm.Itrquad.I_m16x16.I188.I152.I37,157,443,macro
5,17,.Ipsm.Itrquad.I_m16x16.I188.I152.I39,131,443,macro
5,19,.Ipsm.Itrquad.I_m16x16.I188.I152.I40,131,495,macro
6,19,.Ipsm.Itrquad.I_m16x16.I188.I152.I41,157,495,macro
6,22,.Ipsm.Itrquad.I_m16x16.I188.I153.I11,157,573,macro
7,23,.Ipsm.Itrquad.I_m16x16.I188.I153.I17,183,599,macro
7,22,.Ipsm.Itrquad.I_m16x16.I188.I153.I18,183,573,macro
5,22,.Ipsm.Itrquad.I_m16x16.I188.I153.I21,131,573,macro
6,24,.Ipsm.Itrquad.I_m16x16.I188.I153.I23,157,625,macro
5,24,.Ipsm.Itrquad.I_m16x16.I188.I153.I24,131,625,macro
7,24,.Ipsm.Itrquad.I_m16x16.I188.I153.I25,183,625,macro
8,24,.Ipsm.Itrquad.I_m16x16.I188.I153.I26,209,625,macro
8,23,.Ipsm.Itrquad.I_m16x16.I188.I153.I28,209,599,macro
8,22,.Ipsm.Itrquad.I_m16x16.I188.I153.I29,209,573,macro
8,21,.Ipsm.Itrquad.I_m16x16.I188.I153.I32,209,547,macro
7,21,.Ipsm.Itrquad.I_m16x16.I188.I153.I36,183,547,macro
6,21,.Ipsm.Itrquad.I_m16x16.I188.I153.I37,157,547,macro
5,21,.Ipsm.Itrquad.I_m16x16.I188.I153.I39,131,547,macro
5,23,.Ipsm.Itrquad.I_m16x16.I188.I153.I40,131,599,macro
6,23,.Ipsm.Itrquad.I_m16x16.I188.I153.I41,157,599,macro
2,18,.Ipsm.Itrquad.I_m16x16.I188.I158.I11,53,469,macro
3,19,.Ipsm.Itrquad.I_m16x16.I188.I158.I17,79,495,macro
3,18,.Ipsm.Itrquad.I_m16x16.I188.I158.I18,79,469,macro
1,18,.Ipsm.Itrquad.I_m16x16.I188.I158.I21,27,469,macro
2,20,.Ipsm.Itrquad.I_m16x16.I188.I158.I23,53,521,macro
1,20,.Ipsm.Itrquad.I_m16x16.I188.I158.I24,27,521,macro
3,20,.Ipsm.Itrquad.I_m16x16.I188.I158.I25,79,521,macro
4,20,.Ipsm.Itrquad.I_m16x16.I188.I158.I26,105,521,macro
4,19,.Ipsm.Itrquad.I_m16x16.I188.I158.I28,105,495,macro
4,18,.Ipsm.Itrquad.I_m16x16.I188.I158.I29,105,469,macro
4,17,.Ipsm.Itrquad.I_m16x16.I188.I158.I32,105,443,macro
3,17,.Ipsm.Itrquad.I_m16x16.I188.I158.I36,79,443,macro
2,17,.Ipsm.Itrquad.I_m16x16.I188.I158.I37,53,443,macro
1,17,.Ipsm.Itrquad.I_m16x16.I188.I158.I39,27,443,macro
1,19,.Ipsm.Itrquad.I_m16x16.I188.I158.I40,27,495,macro
2,19,.Ipsm.Itrquad.I_m16x16.I188.I158.I41,53,495,macro
2,22,.Ipsm.Itrquad.I_m16x16.I188.I159.I11,53,573,macro
3,23,.Ipsm.Itrquad.I_m16x16.I188.I159.I17,79,599,macro
3,22,.Ipsm.Itrquad.I_m16x16.I188.I159.I18,79,573,macro
1,22,.Ipsm.Itrquad.I_m16x16.I188.I159.I21,27,573,macro
2,24,.Ipsm.Itrquad.I_m16x16.I188.I159.I23,53,625,macro
1,24,.Ipsm.Itrquad.I_m16x16.I188.I159.I24,27,625,macro
3,24,.Ipsm.Itrquad.I_m16x16.I188.I159.I25,79,625,macro
4,24,.Ipsm.Itrquad.I_m16x16.I188.I159.I26,105,625,macro
4,23,.Ipsm.Itrquad.I_m16x16.I188.I159.I28,105,599,macro
4,22,.Ipsm.Itrquad.I_m16x16.I188.I159.I29,105,573,macro
4,21,.Ipsm.Itrquad.I_m16x16.I188.I159.I32,105,547,macro
3,21,.Ipsm.Itrquad.I_m16x16.I188.I159.I36,79,547,macro
2,21,.Ipsm.Itrquad.I_m16x16.I188.I159.I37,53,547,macro
1,21,.Ipsm.Itrquad.I_m16x16.I188.I159.I39,27,547,macro
1,23,.Ipsm.Itrquad.I_m16x16.I188.I159.I40,27,599,macro
2,23,.Ipsm.Itrquad.I_m16x16.I188.I159.I41,53,599,macro
8,33,.Ipsm.Itrquad.I_rt_if16.I12.I32,209,859,macro_interface_right
7,33,.Ipsm.Itrquad.I_rt_if16.I12.I36,183,859,macro_interface_right
6,33,.Ipsm.Itrquad.I_rt_if16.I12.I37,157,859,macro_interface_right
5,33,.Ipsm.Itrquad.I_rt_if16.I12.I39,131,859,macro_interface_right
12,33,.Ipsm.Itrquad.I_rt_if16.I13.I32,314,859,macro_interface_right
11,33,.Ipsm.Itrquad.I_rt_if16.I13.I36,288,859,macro_interface_right
10,33,.Ipsm.Itrquad.I_rt_if16.I13.I37,262,859,macro_interface_right
9,33,.Ipsm.Itrquad.I_rt_if16.I13.I39,236,859,macro_interface_right
16,33,.Ipsm.Itrquad.I_rt_if16.I14.I32,418,859,macro_interface_right
15,33,.Ipsm.Itrquad.I_rt_if16.I14.I36,392,859,macro_interface_right
14,33,.Ipsm.Itrquad.I_rt_if16.I14.I37,366,859,macro_interface_right
13,33,.Ipsm.Itrquad.I_rt_if16.I14.I39,340,859,macro_interface_right
4,33,.Ipsm.Itrquad.I_rt_if16.I6.I32,105,859,macro_interface_right
3,33,.Ipsm.Itrquad.I_rt_if16.I6.I36,79,859,macro_interface_right
2,33,.Ipsm.Itrquad.I_rt_if16.I6.I37,53,859,macro_interface_right
1,33,.Ipsm.Itrquad.I_rt_if16.I6.I39,27,859,macro_interface_top_right
0,17,.Ipsm.Itrquad.I_tr_if16.I0.Iif0,1,443,macro_interface_top
0,18,.Ipsm.Itrquad.I_tr_if16.I0.Iif1,1,469,macro_interface_top
0,19,.Ipsm.Itrquad.I_tr_if16.I0.Iif2,1,495,macro_interface_top
0,20,.Ipsm.Itrquad.I_tr_if16.I0.Iif3,1,521,macro_interface_top
0,21,.Ipsm.Itrquad.I_tr_if16.I1.Iif0,1,547,macro_interface_top
0,22,.Ipsm.Itrquad.I_tr_if16.I1.Iif1,1,573,macro_interface_top
0,23,.Ipsm.Itrquad.I_tr_if16.I1.Iif2,1,599,macro_interface_top
0,24,.Ipsm.Itrquad.I_tr_if16.I1.Iif3,1,625,macro_interface_top
0,25,.Ipsm.Itrquad.I_tr_if16.I2.Iif0,1,651,macro_interface_top
0,26,.Ipsm.Itrquad.I_tr_if16.I2.Iif1,1,677,macro_interface_top
0,27,.Ipsm.Itrquad.I_tr_if16.I2.Iif2,1,703,macro_interface_top
0,28,.Ipsm.Itrquad.I_tr_if16.I2.Iif3,1,729,macro_interface_top
0,29,.Ipsm.Itrquad.I_tr_if16.I4.Iif0,1,755,macro_interface_top
0,30,.Ipsm.Itrquad.I_tr_if16.I4.Iif1,1,781,macro_interface_top
0,31,.Ipsm.Itrquad.I_tr_if16.I4.Iif2,1,807,macro_interface_top
0,32,.Ipsm.Itrquad.I_tr_if16.I4.Iif3,1,833,macro_interface_top
