.macro_interface.IQTFC_Z<0>.I_jcb,16,14
.macro_interface.IQTFC_Z<1>.I_jcb,17,14
.macro_interface.IQTFC_Z<2>.I_jcb,20,13
.macro_interface.IQTFC_Z<3>.I_jcb,21,13
.macro_interface.I_highway.IM0.I_pg0.I_jcb,0,4
.macro_interface.I_highway.IM0.I_pg1.I_jcb,1,4
.macro_interface.I_highway.IM0.I_pg2.I_jcb,2,4
.macro_interface.I_highway.IM0.I_pg3.I_jcb,3,4
.macro_interface.I_highway.IM0.I_pg4.I_jcb,0,3
.macro_interface.I_highway.IM0.I_pg5.I_jcb,1,3
.macro_interface.I_highway.IM0.I_pg6.I_jcb,2,3
.macro_interface.I_highway.IM1.I_pg0.I_jcb,0,0
.macro_interface.I_highway.IM1.I_pg1.I_jcb,1,0
.macro_interface.I_highway.IM1.I_pg2.I_jcb,2,0
.macro_interface.I_highway.IM1.I_pg3.I_jcb,3,0
.macro_interface.I_highway.IM1.I_pg4.I_jcb,0,1
.macro_interface.I_highway.IM1.I_pg5.I_jcb,1,1
.macro_interface.I_highway.IM1.I_pg6.I_jcb,2,1
.macro_interface.I_highway.IM10.I_pg0.I_jcb,22,4
.macro_interface.I_highway.IM10.I_pg1.I_jcb,23,4
.macro_interface.I_highway.IM10.I_pg2.I_jcb,24,4
.macro_interface.I_highway.IM10.I_pg3.I_jcb,25,4
.macro_interface.I_highway.IM10.I_pg4.I_jcb,22,3
.macro_interface.I_highway.IM10.I_pg5.I_jcb,23,3
.macro_interface.I_highway.IM10.I_pg6.I_jcb,24,3
.macro_interface.I_highway.IM11.I_pg0.I_jcb,22,5
.macro_interface.I_highway.IM11.I_pg1.I_jcb,23,5
.macro_interface.I_highway.IM11.I_pg2.I_jcb,24,5
.macro_interface.I_highway.IM11.I_pg3.I_jcb,25,5
.macro_interface.I_highway.IM11.I_pg4.I_jcb,22,6
.macro_interface.I_highway.IM11.I_pg5.I_jcb,23,6
.macro_interface.I_highway.IM11.I_pg6.I_jcb,24,6
.macro_interface.I_highway.IM12.I_pg0.I_jcb,22,9
.macro_interface.I_highway.IM12.I_pg1.I_jcb,23,9
.macro_interface.I_highway.IM12.I_pg2.I_jcb,24,9
.macro_interface.I_highway.IM12.I_pg3.I_jcb,25,9
.macro_interface.I_highway.IM12.I_pg4.I_jcb,22,8
.macro_interface.I_highway.IM12.I_pg5.I_jcb,23,8
.macro_interface.I_highway.IM12.I_pg6.I_jcb,24,8
.macro_interface.I_highway.IM13.I_pg0.I_jcb,22,10
.macro_interface.I_highway.IM13.I_pg1.I_jcb,23,10
.macro_interface.I_highway.IM13.I_pg2.I_jcb,24,10
.macro_interface.I_highway.IM13.I_pg3.I_jcb,25,10
.macro_interface.I_highway.IM13.I_pg4.I_jcb,22,11
.macro_interface.I_highway.IM13.I_pg5.I_jcb,23,11
.macro_interface.I_highway.IM13.I_pg6.I_jcb,24,11
.macro_interface.I_highway.IM14.I_pg0.I_jcb,9,24
.macro_interface.I_highway.IM14.I_pg1.I_jcb,10,24
.macro_interface.I_highway.IM14.I_pg2.I_jcb,11,24
.macro_interface.I_highway.IM14.I_pg3.I_jcb,12,24
.macro_interface.I_highway.IM14.I_pg4.I_jcb,9,25
.macro_interface.I_highway.IM14.I_pg5.I_jcb,10,25
.macro_interface.I_highway.IM14.I_pg6.I_jcb,11,25
.macro_interface.I_highway.IM15.I_pg0.I_jcb,8,24
.macro_interface.I_highway.IM15.I_pg1.I_jcb,7,24
.macro_interface.I_highway.IM15.I_pg2.I_jcb,6,24
.macro_interface.I_highway.IM15.I_pg3.I_jcb,5,24
.macro_interface.I_highway.IM15.I_pg4.I_jcb,8,25
.macro_interface.I_highway.IM15.I_pg5.I_jcb,7,25
.macro_interface.I_highway.IM15.I_pg6.I_jcb,6,25
.macro_interface.I_highway.IM16.I_pg0.I_jcb,0,24
.macro_interface.I_highway.IM16.I_pg1.I_jcb,1,24
.macro_interface.I_highway.IM16.I_pg2.I_jcb,2,24
.macro_interface.I_highway.IM16.I_pg3.I_jcb,3,24
.macro_interface.I_highway.IM16.I_pg4.I_jcb,0,25
.macro_interface.I_highway.IM16.I_pg5.I_jcb,1,25
.macro_interface.I_highway.IM16.I_pg6.I_jcb,2,25
.macro_interface.I_highway.IM17.I_pg0.I_jcb,22,21
.macro_interface.I_highway.IM17.I_pg1.I_jcb,23,21
.macro_interface.I_highway.IM17.I_pg2.I_jcb,24,21
.macro_interface.I_highway.IM17.I_pg3.I_jcb,25,21
.macro_interface.I_highway.IM17.I_pg4.I_jcb,22,22
.macro_interface.I_highway.IM17.I_pg5.I_jcb,23,22
.macro_interface.I_highway.IM17.I_pg6.I_jcb,24,22
.macro_interface.I_highway.IM18.I_pg0.I_jcb,25,24
.macro_interface.I_highway.IM18.I_pg1.I_jcb,24,24
.macro_interface.I_highway.IM18.I_pg2.I_jcb,23,24
.macro_interface.I_highway.IM18.I_pg3.I_jcb,22,24
.macro_interface.I_highway.IM18.I_pg4.I_jcb,25,25
.macro_interface.I_highway.IM18.I_pg5.I_jcb,24,25
.macro_interface.I_highway.IM18.I_pg6.I_jcb,23,25
.macro_interface.I_highway.IM19.I_pg0.I_jcb,18,24
.macro_interface.I_highway.IM19.I_pg1.I_jcb,19,24
.macro_interface.I_highway.IM19.I_pg2.I_jcb,20,24
.macro_interface.I_highway.IM19.I_pg3.I_jcb,21,24
.macro_interface.I_highway.IM19.I_pg4.I_jcb,18,25
.macro_interface.I_highway.IM19.I_pg5.I_jcb,19,25
.macro_interface.I_highway.IM19.I_pg6.I_jcb,20,25
.macro_interface.I_highway.IM2.I_pg0.I_jcb,8,0
.macro_interface.I_highway.IM2.I_pg1.I_jcb,7,0
.macro_interface.I_highway.IM2.I_pg2.I_jcb,6,0
.macro_interface.I_highway.IM2.I_pg3.I_jcb,5,0
.macro_interface.I_highway.IM2.I_pg4.I_jcb,8,1
.macro_interface.I_highway.IM2.I_pg5.I_jcb,7,1
.macro_interface.I_highway.IM2.I_pg6.I_jcb,6,1
.macro_interface.I_highway.IM20.I_pg0.I_jcb,17,24
.macro_interface.I_highway.IM20.I_pg1.I_jcb,16,24
.macro_interface.I_highway.IM20.I_pg2.I_jcb,15,24
.macro_interface.I_highway.IM20.I_pg3.I_jcb,14,24
.macro_interface.I_highway.IM20.I_pg4.I_jcb,17,25
.macro_interface.I_highway.IM20.I_pg5.I_jcb,16,25
.macro_interface.I_highway.IM20.I_pg6.I_jcb,15,25
.macro_interface.I_highway.IM21.I_pg0.I_jcb,0,21
.macro_interface.I_highway.IM21.I_pg1.I_jcb,1,21
.macro_interface.I_highway.IM21.I_pg2.I_jcb,2,21
.macro_interface.I_highway.IM21.I_pg3.I_jcb,3,21
.macro_interface.I_highway.IM21.I_pg4.I_jcb,0,22
.macro_interface.I_highway.IM21.I_pg5.I_jcb,1,22
.macro_interface.I_highway.IM21.I_pg6.I_jcb,2,22
.macro_interface.I_highway.IM22.I_pg0.I_jcb,0,20
.macro_interface.I_highway.IM22.I_pg1.I_jcb,1,20
.macro_interface.I_highway.IM22.I_pg2.I_jcb,2,20
.macro_interface.I_highway.IM22.I_pg3.I_jcb,3,20
.macro_interface.I_highway.IM22.I_pg4.I_jcb,0,19
.macro_interface.I_highway.IM22.I_pg5.I_jcb,1,19
.macro_interface.I_highway.IM22.I_pg6.I_jcb,2,19
.macro_interface.I_highway.IM23.I_pg0.I_jcb,0,15
.macro_interface.I_highway.IM23.I_pg1.I_jcb,1,15
.macro_interface.I_highway.IM23.I_pg2.I_jcb,2,15
.macro_interface.I_highway.IM23.I_pg3.I_jcb,3,15
.macro_interface.I_highway.IM23.I_pg4.I_jcb,0,16
.macro_interface.I_highway.IM23.I_pg5.I_jcb,1,16
.macro_interface.I_highway.IM23.I_pg6.I_jcb,2,16
.macro_interface.I_highway.IM24.I_pg0.I_jcb,0,14
.macro_interface.I_highway.IM24.I_pg1.I_jcb,1,14
.macro_interface.I_highway.IM24.I_pg2.I_jcb,2,14
.macro_interface.I_highway.IM24.I_pg3.I_jcb,3,14
.macro_interface.I_highway.IM24.I_pg4.I_jcb,0,13
.macro_interface.I_highway.IM24.I_pg5.I_jcb,1,13
.macro_interface.I_highway.IM24.I_pg6.I_jcb,2,13
.macro_interface.I_highway.IM25.I_pg0.I_jcb,0,10
.macro_interface.I_highway.IM25.I_pg1.I_jcb,1,10
.macro_interface.I_highway.IM25.I_pg2.I_jcb,2,10
.macro_interface.I_highway.IM25.I_pg3.I_jcb,3,10
.macro_interface.I_highway.IM25.I_pg4.I_jcb,0,11
.macro_interface.I_highway.IM25.I_pg5.I_jcb,1,11
.macro_interface.I_highway.IM25.I_pg6.I_jcb,2,11
.macro_interface.I_highway.IM26.I_pg0.I_jcb,0,9
.macro_interface.I_highway.IM26.I_pg1.I_jcb,1,9
.macro_interface.I_highway.IM26.I_pg2.I_jcb,2,9
.macro_interface.I_highway.IM26.I_pg3.I_jcb,3,9
.macro_interface.I_highway.IM26.I_pg4.I_jcb,0,8
.macro_interface.I_highway.IM26.I_pg5.I_jcb,1,8
.macro_interface.I_highway.IM26.I_pg6.I_jcb,2,8
.macro_interface.I_highway.IM27.I_pg0.I_jcb,0,5
.macro_interface.I_highway.IM27.I_pg1.I_jcb,1,5
.macro_interface.I_highway.IM27.I_pg2.I_jcb,2,5
.macro_interface.I_highway.IM27.I_pg3.I_jcb,3,5
.macro_interface.I_highway.IM27.I_pg4.I_jcb,0,6
.macro_interface.I_highway.IM27.I_pg5.I_jcb,1,6
.macro_interface.I_highway.IM27.I_pg6.I_jcb,2,6
.macro_interface.I_highway.IM3.I_pg0.I_jcb,9,0
.macro_interface.I_highway.IM3.I_pg1.I_jcb,10,0
.macro_interface.I_highway.IM3.I_pg2.I_jcb,11,0
.macro_interface.I_highway.IM3.I_pg3.I_jcb,12,0
.macro_interface.I_highway.IM3.I_pg4.I_jcb,9,1
.macro_interface.I_highway.IM3.I_pg5.I_jcb,10,1
.macro_interface.I_highway.IM3.I_pg6.I_jcb,11,1
.macro_interface.I_highway.IM4.I_pg0.I_jcb,17,0
.macro_interface.I_highway.IM4.I_pg1.I_jcb,16,0
.macro_interface.I_highway.IM4.I_pg2.I_jcb,15,0
.macro_interface.I_highway.IM4.I_pg3.I_jcb,14,0
.macro_interface.I_highway.IM4.I_pg4.I_jcb,17,1
.macro_interface.I_highway.IM4.I_pg5.I_jcb,16,1
.macro_interface.I_highway.IM4.I_pg6.I_jcb,15,1
.macro_interface.I_highway.IM5.I_pg0.I_jcb,18,0
.macro_interface.I_highway.IM5.I_pg1.I_jcb,19,0
.macro_interface.I_highway.IM5.I_pg2.I_jcb,20,0
.macro_interface.I_highway.IM5.I_pg3.I_jcb,21,0
.macro_interface.I_highway.IM5.I_pg4.I_jcb,18,1
.macro_interface.I_highway.IM5.I_pg5.I_jcb,19,1
.macro_interface.I_highway.IM5.I_pg6.I_jcb,20,1
.macro_interface.I_highway.IM6.I_pg0.I_jcb,25,0
.macro_interface.I_highway.IM6.I_pg1.I_jcb,24,0
.macro_interface.I_highway.IM6.I_pg2.I_jcb,23,0
.macro_interface.I_highway.IM6.I_pg3.I_jcb,22,0
.macro_interface.I_highway.IM6.I_pg4.I_jcb,25,1
.macro_interface.I_highway.IM6.I_pg5.I_jcb,24,1
.macro_interface.I_highway.IM6.I_pg6.I_jcb,23,1
.macro_interface.I_highway.IM7.I_pg0.I_jcb,22,14
.macro_interface.I_highway.IM7.I_pg1.I_jcb,23,14
.macro_interface.I_highway.IM7.I_pg2.I_jcb,24,14
.macro_interface.I_highway.IM7.I_pg3.I_jcb,25,14
.macro_interface.I_highway.IM7.I_pg4.I_jcb,22,13
.macro_interface.I_highway.IM7.I_pg5.I_jcb,23,13
.macro_interface.I_highway.IM7.I_pg6.I_jcb,24,13
.macro_interface.I_highway.IM8.I_pg0.I_jcb,22,15
.macro_interface.I_highway.IM8.I_pg1.I_jcb,23,15
.macro_interface.I_highway.IM8.I_pg2.I_jcb,24,15
.macro_interface.I_highway.IM8.I_pg3.I_jcb,25,15
.macro_interface.I_highway.IM8.I_pg4.I_jcb,22,16
.macro_interface.I_highway.IM8.I_pg5.I_jcb,23,16
.macro_interface.I_highway.IM8.I_pg6.I_jcb,24,16
.macro_interface.I_highway.IM9.I_pg0.I_jcb,22,20
.macro_interface.I_highway.IM9.I_pg1.I_jcb,23,20
.macro_interface.I_highway.IM9.I_pg2.I_jcb,24,20
.macro_interface.I_highway.IM9.I_pg3.I_jcb,25,20
.macro_interface.I_highway.IM9.I_pg4.I_jcb,22,19
.macro_interface.I_highway.IM9.I_pg5.I_jcb,23,19
.macro_interface.I_highway.IM9.I_pg6.I_jcb,24,19
.macro_interface.I_if_block.I191.I_jcb,13,12
.macro_interface.I_if_block.I_J0.I_jcb,13,0
.macro_interface.I_if_block.I_J1.I_jcb,13,1
.macro_interface.I_if_block.I_J2.I_jcb,14,1
.macro_interface.I_if_block.I_J3.I_jcb,21,1
.macro_interface.I_if_block.I_J4.I_jcb,21,14
.macro_interface.I_if_block.I_J5.I_jcb,19,14
.macro_interface.I_if_block.I_J6.I_jcb,19,12
.macro_interface.I_street.Isb11.I_M0.I_pg0.I_jcb,13,2
.macro_interface.I_street.Isb11.I_M0.I_pg1.I_jcb,4,2
.macro_interface.I_street.Isb11.I_M0.I_pg2.I_jcb,5,2
.macro_interface.I_street.Isb11.I_M0.I_pg3.I_jcb,6,2
.macro_interface.I_street.Isb11.I_M0.I_pg4.I_jcb,7,2
.macro_interface.I_street.Isb11.I_M0.I_pg5.I_jcb,8,2
.macro_interface.I_street.Isb11.I_M1.I_pg0.I_jcb,13,3
.macro_interface.I_street.Isb11.I_M1.I_pg1.I_jcb,4,3
.macro_interface.I_street.Isb11.I_M1.I_pg2.I_jcb,5,3
.macro_interface.I_street.Isb11.I_M1.I_pg3.I_jcb,6,3
.macro_interface.I_street.Isb11.I_M1.I_pg4.I_jcb,7,3
.macro_interface.I_street.Isb11.I_M1.I_pg5.I_jcb,8,3
.macro_interface.I_street.Isb11.I_M2.I_pg0.I_jcb,13,4
.macro_interface.I_street.Isb11.I_M2.I_pg1.I_jcb,4,4
.macro_interface.I_street.Isb11.I_M2.I_pg2.I_jcb,5,4
.macro_interface.I_street.Isb11.I_M2.I_pg3.I_jcb,6,4
.macro_interface.I_street.Isb11.I_M2.I_pg4.I_jcb,7,4
.macro_interface.I_street.Isb11.I_M2.I_pg5.I_jcb,8,4
.macro_interface.I_street.Isb12.I_M0.I_pg0.I_jcb,13,8
.macro_interface.I_street.Isb12.I_M0.I_pg1.I_jcb,4,8
.macro_interface.I_street.Isb12.I_M0.I_pg2.I_jcb,5,8
.macro_interface.I_street.Isb12.I_M0.I_pg3.I_jcb,6,8
.macro_interface.I_street.Isb12.I_M0.I_pg4.I_jcb,7,8
.macro_interface.I_street.Isb12.I_M0.I_pg5.I_jcb,8,8
.macro_interface.I_street.Isb12.I_M1.I_pg0.I_jcb,13,7
.macro_interface.I_street.Isb12.I_M1.I_pg1.I_jcb,4,7
.macro_interface.I_street.Isb12.I_M1.I_pg2.I_jcb,5,7
.macro_interface.I_street.Isb12.I_M1.I_pg3.I_jcb,6,7
.macro_interface.I_street.Isb12.I_M1.I_pg4.I_jcb,7,7
.macro_interface.I_street.Isb12.I_M1.I_pg5.I_jcb,8,7
.macro_interface.I_street.Isb12.I_M2.I_pg0.I_jcb,13,6
.macro_interface.I_street.Isb12.I_M2.I_pg1.I_jcb,4,6
.macro_interface.I_street.Isb12.I_M2.I_pg2.I_jcb,5,6
.macro_interface.I_street.Isb12.I_M2.I_pg3.I_jcb,6,6
.macro_interface.I_street.Isb12.I_M2.I_pg4.I_jcb,7,6
.macro_interface.I_street.Isb12.I_M2.I_pg5.I_jcb,8,6
.macro_interface.I_street.Isb13.I_M0.I_pg0.I_jcb,13,9
.macro_interface.I_street.Isb13.I_M0.I_pg1.I_jcb,4,9
.macro_interface.I_street.Isb13.I_M0.I_pg2.I_jcb,5,9
.macro_interface.I_street.Isb13.I_M0.I_pg3.I_jcb,6,9
.macro_interface.I_street.Isb13.I_M0.I_pg4.I_jcb,7,9
.macro_interface.I_street.Isb13.I_M0.I_pg5.I_jcb,8,9
.macro_interface.I_street.Isb13.I_M1.I_pg0.I_jcb,13,10
.macro_interface.I_street.Isb13.I_M1.I_pg1.I_jcb,4,10
.macro_interface.I_street.Isb13.I_M1.I_pg2.I_jcb,5,10
.macro_interface.I_street.Isb13.I_M1.I_pg3.I_jcb,6,10
.macro_interface.I_street.Isb13.I_M1.I_pg4.I_jcb,7,10
.macro_interface.I_street.Isb13.I_M1.I_pg5.I_jcb,8,10
.macro_interface.I_street.Isb13.I_M2.I_pg0.I_jcb,13,11
.macro_interface.I_street.Isb13.I_M2.I_pg1.I_jcb,4,11
.macro_interface.I_street.Isb13.I_M2.I_pg2.I_jcb,5,11
.macro_interface.I_street.Isb13.I_M2.I_pg3.I_jcb,6,11
.macro_interface.I_street.Isb13.I_M2.I_pg4.I_jcb,7,11
.macro_interface.I_street.Isb13.I_M2.I_pg5.I_jcb,8,11
.macro_interface.I_street.Isb14.I_M0.I_pg0.I_jcb,13,15
.macro_interface.I_street.Isb14.I_M0.I_pg1.I_jcb,4,15
.macro_interface.I_street.Isb14.I_M0.I_pg2.I_jcb,5,15
.macro_interface.I_street.Isb14.I_M0.I_pg3.I_jcb,6,15
.macro_interface.I_street.Isb14.I_M0.I_pg4.I_jcb,7,15
.macro_interface.I_street.Isb14.I_M0.I_pg5.I_jcb,8,15
.macro_interface.I_street.Isb14.I_M1.I_pg0.I_jcb,13,14
.macro_interface.I_street.Isb14.I_M1.I_pg1.I_jcb,4,14
.macro_interface.I_street.Isb14.I_M1.I_pg2.I_jcb,5,14
.macro_interface.I_street.Isb14.I_M1.I_pg3.I_jcb,6,14
.macro_interface.I_street.Isb14.I_M1.I_pg4.I_jcb,7,14
.macro_interface.I_street.Isb14.I_M1.I_pg5.I_jcb,8,14
.macro_interface.I_street.Isb14.I_M2.I_pg0.I_jcb,13,13
.macro_interface.I_street.Isb14.I_M2.I_pg1.I_jcb,4,13
.macro_interface.I_street.Isb14.I_M2.I_pg2.I_jcb,5,13
.macro_interface.I_street.Isb14.I_M2.I_pg3.I_jcb,6,13
.macro_interface.I_street.Isb14.I_M2.I_pg4.I_jcb,7,13
.macro_interface.I_street.Isb14.I_M2.I_pg5.I_jcb,8,13
.macro_interface.I_street.Isb15.I_M0.I_pg0.I_jcb,13,16
.macro_interface.I_street.Isb15.I_M0.I_pg1.I_jcb,4,16
.macro_interface.I_street.Isb15.I_M0.I_pg2.I_jcb,5,16
.macro_interface.I_street.Isb15.I_M0.I_pg3.I_jcb,6,16
.macro_interface.I_street.Isb15.I_M0.I_pg4.I_jcb,7,16
.macro_interface.I_street.Isb15.I_M0.I_pg5.I_jcb,8,16
.macro_interface.I_street.Isb15.I_M1.I_pg0.I_jcb,13,17
.macro_interface.I_street.Isb15.I_M1.I_pg1.I_jcb,4,17
.macro_interface.I_street.Isb15.I_M1.I_pg2.I_jcb,5,17
.macro_interface.I_street.Isb15.I_M1.I_pg3.I_jcb,6,17
.macro_interface.I_street.Isb15.I_M1.I_pg4.I_jcb,7,17
.macro_interface.I_street.Isb15.I_M1.I_pg5.I_jcb,8,17
.macro_interface.I_street.Isb15.I_M2.I_pg0.I_jcb,13,19
.macro_interface.I_street.Isb15.I_M2.I_pg1.I_jcb,4,19
.macro_interface.I_street.Isb15.I_M2.I_pg2.I_jcb,5,19
.macro_interface.I_street.Isb15.I_M2.I_pg3.I_jcb,6,19
.macro_interface.I_street.Isb15.I_M2.I_pg4.I_jcb,7,19
.macro_interface.I_street.Isb15.I_M2.I_pg5.I_jcb,8,19
.macro_interface.I_street.Isb16.I_M0.I_pg0.I_jcb,13,23
.macro_interface.I_street.Isb16.I_M0.I_pg1.I_jcb,4,23
.macro_interface.I_street.Isb16.I_M0.I_pg2.I_jcb,5,23
.macro_interface.I_street.Isb16.I_M0.I_pg3.I_jcb,6,23
.macro_interface.I_street.Isb16.I_M0.I_pg4.I_jcb,7,23
.macro_interface.I_street.Isb16.I_M0.I_pg5.I_jcb,8,23
.macro_interface.I_street.Isb16.I_M1.I_pg0.I_jcb,13,22
.macro_interface.I_street.Isb16.I_M1.I_pg1.I_jcb,4,22
.macro_interface.I_street.Isb16.I_M1.I_pg2.I_jcb,5,22
.macro_interface.I_street.Isb16.I_M1.I_pg3.I_jcb,6,22
.macro_interface.I_street.Isb16.I_M1.I_pg4.I_jcb,7,22
.macro_interface.I_street.Isb16.I_M1.I_pg5.I_jcb,8,22
.macro_interface.I_street.Isb16.I_M2.I_pg0.I_jcb,13,18
.macro_interface.I_street.Isb16.I_M2.I_pg1.I_jcb,4,18
.macro_interface.I_street.Isb16.I_M2.I_pg2.I_jcb,5,18
.macro_interface.I_street.Isb16.I_M2.I_pg3.I_jcb,6,18
.macro_interface.I_street.Isb16.I_M2.I_pg4.I_jcb,7,18
.macro_interface.I_street.Isb16.I_M2.I_pg5.I_jcb,8,18
.macro_interface.I_street.Isb21.I_M0.I_pg0.I_jcb,9,2
.macro_interface.I_street.Isb21.I_M0.I_pg1.I_jcb,10,2
.macro_interface.I_street.Isb21.I_M0.I_pg2.I_jcb,11,2
.macro_interface.I_street.Isb21.I_M0.I_pg3.I_jcb,12,2
.macro_interface.I_street.Isb21.I_M0.I_pg4.I_jcb,14,2
.macro_interface.I_street.Isb21.I_M0.I_pg5.I_jcb,15,2
.macro_interface.I_street.Isb21.I_M1.I_pg0.I_jcb,9,3
.macro_interface.I_street.Isb21.I_M1.I_pg1.I_jcb,10,3
.macro_interface.I_street.Isb21.I_M1.I_pg2.I_jcb,11,3
.macro_interface.I_street.Isb21.I_M1.I_pg3.I_jcb,12,3
.macro_interface.I_street.Isb21.I_M1.I_pg4.I_jcb,14,3
.macro_interface.I_street.Isb21.I_M1.I_pg5.I_jcb,15,3
.macro_interface.I_street.Isb21.I_M2.I_pg0.I_jcb,9,4
.macro_interface.I_street.Isb21.I_M2.I_pg1.I_jcb,10,4
.macro_interface.I_street.Isb21.I_M2.I_pg2.I_jcb,11,4
.macro_interface.I_street.Isb21.I_M2.I_pg3.I_jcb,12,4
.macro_interface.I_street.Isb21.I_M2.I_pg4.I_jcb,14,4
.macro_interface.I_street.Isb21.I_M2.I_pg5.I_jcb,15,4
.macro_interface.I_street.Isb21.I_M3.I_pg0.I_jcb,9,5
.macro_interface.I_street.Isb21.I_M3.I_pg1.I_jcb,10,5
.macro_interface.I_street.Isb21.I_M3.I_pg2.I_jcb,11,5
.macro_interface.I_street.Isb21.I_M3.I_pg3.I_jcb,12,5
.macro_interface.I_street.Isb21.I_M3.I_pg4.I_jcb,14,5
.macro_interface.I_street.Isb21.I_M3.I_pg5.I_jcb,15,5
.macro_interface.I_street.Isb21.I_M4.I_pg0.I_jcb,16,2
.macro_interface.I_street.Isb21.I_M4.I_pg1.I_jcb,17,2
.macro_interface.I_street.Isb21.I_M4.I_pg2.I_jcb,18,2
.macro_interface.I_street.Isb21.I_M4.I_pg3.I_jcb,19,2
.macro_interface.I_street.Isb21.I_M4.I_pg4.I_jcb,20,2
.macro_interface.I_street.Isb21.I_M4.I_pg5.I_jcb,21,2
.macro_interface.I_street.Isb21.I_M5.I_pg0.I_jcb,16,3
.macro_interface.I_street.Isb21.I_M5.I_pg1.I_jcb,17,3
.macro_interface.I_street.Isb21.I_M5.I_pg2.I_jcb,18,3
.macro_interface.I_street.Isb21.I_M5.I_pg3.I_jcb,19,3
.macro_interface.I_street.Isb21.I_M5.I_pg4.I_jcb,20,3
.macro_interface.I_street.Isb21.I_M5.I_pg5.I_jcb,21,3
.macro_interface.I_street.Isb21.I_M6.I_pg0.I_jcb,16,4
.macro_interface.I_street.Isb21.I_M6.I_pg1.I_jcb,17,4
.macro_interface.I_street.Isb21.I_M6.I_pg2.I_jcb,18,4
.macro_interface.I_street.Isb21.I_M6.I_pg3.I_jcb,19,4
.macro_interface.I_street.Isb21.I_M6.I_pg4.I_jcb,20,4
.macro_interface.I_street.Isb21.I_M6.I_pg5.I_jcb,21,4
.macro_interface.I_street.Isb21.I_M7.I_pg0.I_jcb,16,5
.macro_interface.I_street.Isb21.I_M7.I_pg1.I_jcb,17,5
.macro_interface.I_street.Isb21.I_M7.I_pg2.I_jcb,18,5
.macro_interface.I_street.Isb21.I_M7.I_pg3.I_jcb,19,5
.macro_interface.I_street.Isb21.I_M7.I_pg4.I_jcb,20,5
.macro_interface.I_street.Isb21.I_M7.I_pg5.I_jcb,21,5
.macro_interface.I_street.Isb22.I_M0.I_pg0.I_jcb,9,14
.macro_interface.I_street.Isb22.I_M0.I_pg1.I_jcb,10,14
.macro_interface.I_street.Isb22.I_M0.I_pg2.I_jcb,11,14
.macro_interface.I_street.Isb22.I_M0.I_pg3.I_jcb,12,14
.macro_interface.I_street.Isb22.I_M0.I_pg4.I_jcb,14,14
.macro_interface.I_street.Isb22.I_M0.I_pg5.I_jcb,15,14
.macro_interface.I_street.Isb22.I_M1.I_pg0.I_jcb,9,13
.macro_interface.I_street.Isb22.I_M1.I_pg1.I_jcb,10,13
.macro_interface.I_street.Isb22.I_M1.I_pg2.I_jcb,11,13
.macro_interface.I_street.Isb22.I_M1.I_pg3.I_jcb,12,13
.macro_interface.I_street.Isb22.I_M1.I_pg4.I_jcb,14,13
.macro_interface.I_street.Isb22.I_M1.I_pg5.I_jcb,15,13
.macro_interface.I_street.Isb22.I_M2.I_pg0.I_jcb,9,12
.macro_interface.I_street.Isb22.I_M2.I_pg1.I_jcb,10,12
.macro_interface.I_street.Isb22.I_M2.I_pg2.I_jcb,11,12
.macro_interface.I_street.Isb22.I_M2.I_pg3.I_jcb,12,12
.macro_interface.I_street.Isb22.I_M2.I_pg4.I_jcb,14,12
.macro_interface.I_street.Isb22.I_M2.I_pg5.I_jcb,15,12
.macro_interface.I_street.Isb22.I_M3.I_pg0.I_jcb,9,11
.macro_interface.I_street.Isb22.I_M3.I_pg1.I_jcb,10,11
.macro_interface.I_street.Isb22.I_M3.I_pg2.I_jcb,11,11
.macro_interface.I_street.Isb22.I_M3.I_pg3.I_jcb,12,11
.macro_interface.I_street.Isb22.I_M3.I_pg4.I_jcb,14,11
.macro_interface.I_street.Isb22.I_M3.I_pg5.I_jcb,15,11
.macro_interface.I_street.Isb22.I_M4.I_pg0.I_jcb,9,10
.macro_interface.I_street.Isb22.I_M4.I_pg1.I_jcb,10,10
.macro_interface.I_street.Isb22.I_M4.I_pg2.I_jcb,11,10
.macro_interface.I_street.Isb22.I_M4.I_pg3.I_jcb,12,10
.macro_interface.I_street.Isb22.I_M4.I_pg4.I_jcb,14,10
.macro_interface.I_street.Isb22.I_M4.I_pg5.I_jcb,15,10
.macro_interface.I_street.Isb22.I_M5.I_pg0.I_jcb,9,9
.macro_interface.I_street.Isb22.I_M5.I_pg1.I_jcb,10,9
.macro_interface.I_street.Isb22.I_M5.I_pg2.I_jcb,11,9
.macro_interface.I_street.Isb22.I_M5.I_pg3.I_jcb,12,9
.macro_interface.I_street.Isb22.I_M5.I_pg4.I_jcb,14,9
.macro_interface.I_street.Isb22.I_M5.I_pg5.I_jcb,15,9
.macro_interface.I_street.Isb22.I_M6.I_pg0.I_jcb,9,8
.macro_interface.I_street.Isb22.I_M6.I_pg1.I_jcb,10,8
.macro_interface.I_street.Isb22.I_M6.I_pg2.I_jcb,11,8
.macro_interface.I_street.Isb22.I_M6.I_pg3.I_jcb,12,8
.macro_interface.I_street.Isb22.I_M6.I_pg4.I_jcb,14,8
.macro_interface.I_street.Isb22.I_M6.I_pg5.I_jcb,15,8
.macro_interface.I_street.Isb22.I_M7.I_pg0.I_jcb,9,7
.macro_interface.I_street.Isb22.I_M7.I_pg1.I_jcb,10,7
.macro_interface.I_street.Isb22.I_M7.I_pg2.I_jcb,11,7
.macro_interface.I_street.Isb22.I_M7.I_pg3.I_jcb,12,7
.macro_interface.I_street.Isb22.I_M7.I_pg4.I_jcb,14,7
.macro_interface.I_street.Isb22.I_M7.I_pg5.I_jcb,15,7
.macro_interface.I_street.Isb23.I_M0.I_pg0.I_jcb,9,23
.macro_interface.I_street.Isb23.I_M0.I_pg1.I_jcb,10,23
.macro_interface.I_street.Isb23.I_M0.I_pg2.I_jcb,11,23
.macro_interface.I_street.Isb23.I_M0.I_pg3.I_jcb,12,23
.macro_interface.I_street.Isb23.I_M0.I_pg4.I_jcb,14,23
.macro_interface.I_street.Isb23.I_M0.I_pg5.I_jcb,15,23
.macro_interface.I_street.Isb23.I_M1.I_pg0.I_jcb,9,22
.macro_interface.I_street.Isb23.I_M1.I_pg1.I_jcb,10,22
.macro_interface.I_street.Isb23.I_M1.I_pg2.I_jcb,11,22
.macro_interface.I_street.Isb23.I_M1.I_pg3.I_jcb,12,22
.macro_interface.I_street.Isb23.I_M1.I_pg4.I_jcb,14,22
.macro_interface.I_street.Isb23.I_M1.I_pg5.I_jcb,15,22
.macro_interface.I_street.Isb23.I_M2.I_pg0.I_jcb,9,18
.macro_interface.I_street.Isb23.I_M2.I_pg1.I_jcb,10,18
.macro_interface.I_street.Isb23.I_M2.I_pg2.I_jcb,11,18
.macro_interface.I_street.Isb23.I_M2.I_pg3.I_jcb,12,18
.macro_interface.I_street.Isb23.I_M2.I_pg4.I_jcb,14,18
.macro_interface.I_street.Isb23.I_M2.I_pg5.I_jcb,15,18
.macro_interface.I_street.Isb23.I_M3.I_pg0.I_jcb,9,21
.macro_interface.I_street.Isb23.I_M3.I_pg1.I_jcb,10,21
.macro_interface.I_street.Isb23.I_M3.I_pg2.I_jcb,11,21
.macro_interface.I_street.Isb23.I_M3.I_pg3.I_jcb,12,21
.macro_interface.I_street.Isb23.I_M3.I_pg4.I_jcb,14,21
.macro_interface.I_street.Isb23.I_M3.I_pg5.I_jcb,15,21
.macro_interface.I_street.Isb23.I_M4.I_pg0.I_jcb,9,20
.macro_interface.I_street.Isb23.I_M4.I_pg1.I_jcb,10,20
.macro_interface.I_street.Isb23.I_M4.I_pg2.I_jcb,11,20
.macro_interface.I_street.Isb23.I_M4.I_pg3.I_jcb,12,20
.macro_interface.I_street.Isb23.I_M4.I_pg4.I_jcb,14,20
.macro_interface.I_street.Isb23.I_M4.I_pg5.I_jcb,15,20
.macro_interface.I_street.Isb23.I_M5.I_pg0.I_jcb,9,19
.macro_interface.I_street.Isb23.I_M5.I_pg1.I_jcb,10,19
.macro_interface.I_street.Isb23.I_M5.I_pg2.I_jcb,11,19
.macro_interface.I_street.Isb23.I_M5.I_pg3.I_jcb,12,19
.macro_interface.I_street.Isb23.I_M5.I_pg4.I_jcb,14,19
.macro_interface.I_street.Isb23.I_M5.I_pg5.I_jcb,15,19
.macro_interface.I_street.Isb23.I_M6.I_pg0.I_jcb,9,17
.macro_interface.I_street.Isb23.I_M6.I_pg1.I_jcb,10,17
.macro_interface.I_street.Isb23.I_M6.I_pg2.I_jcb,11,17
.macro_interface.I_street.Isb23.I_M6.I_pg3.I_jcb,12,17
.macro_interface.I_street.Isb23.I_M6.I_pg4.I_jcb,14,17
.macro_interface.I_street.Isb23.I_M6.I_pg5.I_jcb,15,17
.macro_interface.I_street.Isb23.I_M7.I_pg0.I_jcb,9,16
.macro_interface.I_street.Isb23.I_M7.I_pg1.I_jcb,10,16
.macro_interface.I_street.Isb23.I_M7.I_pg2.I_jcb,11,16
.macro_interface.I_street.Isb23.I_M7.I_pg3.I_jcb,12,16
.macro_interface.I_street.Isb23.I_M7.I_pg4.I_jcb,14,16
.macro_interface.I_street.Isb23.I_M7.I_pg5.I_jcb,15,16
.macro_interface.I_street.Isb31.I_M0.I_pg0.I_jcb,16,8
.macro_interface.I_street.Isb31.I_M0.I_pg1.I_jcb,17,8
.macro_interface.I_street.Isb31.I_M0.I_pg2.I_jcb,18,8
.macro_interface.I_street.Isb31.I_M1.I_pg0.I_jcb,16,7
.macro_interface.I_street.Isb31.I_M1.I_pg1.I_jcb,17,7
.macro_interface.I_street.Isb31.I_M1.I_pg2.I_jcb,18,7
.macro_interface.I_street.Isb31.I_M2.I_pg0.I_jcb,16,6
.macro_interface.I_street.Isb31.I_M2.I_pg1.I_jcb,17,6
.macro_interface.I_street.Isb31.I_M2.I_pg2.I_jcb,18,6
.macro_interface.I_street.Isb32.I_M0.I_pg0.I_jcb,21,8
.macro_interface.I_street.Isb32.I_M0.I_pg1.I_jcb,20,8
.macro_interface.I_street.Isb32.I_M0.I_pg2.I_jcb,19,8
.macro_interface.I_street.Isb32.I_M1.I_pg0.I_jcb,21,7
.macro_interface.I_street.Isb32.I_M1.I_pg1.I_jcb,20,7
.macro_interface.I_street.Isb32.I_M1.I_pg2.I_jcb,19,7
.macro_interface.I_street.Isb32.I_M2.I_pg0.I_jcb,21,6
.macro_interface.I_street.Isb32.I_M2.I_pg1.I_jcb,20,6
.macro_interface.I_street.Isb32.I_M2.I_pg2.I_jcb,19,6
.macro_interface.I_street.Isb33.I_M0.I_pg0.I_jcb,16,9
.macro_interface.I_street.Isb33.I_M0.I_pg1.I_jcb,17,9
.macro_interface.I_street.Isb33.I_M0.I_pg2.I_jcb,18,9
.macro_interface.I_street.Isb33.I_M1.I_pg0.I_jcb,16,10
.macro_interface.I_street.Isb33.I_M1.I_pg1.I_jcb,17,10
.macro_interface.I_street.Isb33.I_M1.I_pg2.I_jcb,18,10
.macro_interface.I_street.Isb33.I_M2.I_pg0.I_jcb,16,11
.macro_interface.I_street.Isb33.I_M2.I_pg1.I_jcb,17,11
.macro_interface.I_street.Isb33.I_M2.I_pg2.I_jcb,18,11
.macro_interface.I_street.Isb34.I_M0.I_pg0.I_jcb,21,9
.macro_interface.I_street.Isb34.I_M0.I_pg1.I_jcb,20,9
.macro_interface.I_street.Isb34.I_M0.I_pg2.I_jcb,19,9
.macro_interface.I_street.Isb34.I_M1.I_pg0.I_jcb,21,10
.macro_interface.I_street.Isb34.I_M1.I_pg1.I_jcb,20,10
.macro_interface.I_street.Isb34.I_M1.I_pg2.I_jcb,19,10
.macro_interface.I_street.Isb34.I_M2.I_pg0.I_jcb,21,11
.macro_interface.I_street.Isb34.I_M2.I_pg1.I_jcb,20,11
.macro_interface.I_street.Isb34.I_M2.I_pg2.I_jcb,19,11
.macro_interface.I_street.Isb35.I_M0.I_pg0.I_jcb,16,20
.macro_interface.I_street.Isb35.I_M0.I_pg1.I_jcb,17,20
.macro_interface.I_street.Isb35.I_M0.I_pg2.I_jcb,18,20
.macro_interface.I_street.Isb35.I_M1.I_pg0.I_jcb,16,19
.macro_interface.I_street.Isb35.I_M1.I_pg1.I_jcb,17,19
.macro_interface.I_street.Isb35.I_M1.I_pg2.I_jcb,18,19
.macro_interface.I_street.Isb35.I_M2.I_pg0.I_jcb,16,17
.macro_interface.I_street.Isb35.I_M2.I_pg1.I_jcb,17,17
.macro_interface.I_street.Isb35.I_M2.I_pg2.I_jcb,18,17
.macro_interface.I_street.Isb36.I_M0.I_pg0.I_jcb,21,20
.macro_interface.I_street.Isb36.I_M0.I_pg1.I_jcb,20,20
.macro_interface.I_street.Isb36.I_M0.I_pg2.I_jcb,19,20
.macro_interface.I_street.Isb36.I_M1.I_pg0.I_jcb,21,19
.macro_interface.I_street.Isb36.I_M1.I_pg1.I_jcb,20,19
.macro_interface.I_street.Isb36.I_M1.I_pg2.I_jcb,19,19
.macro_interface.I_street.Isb36.I_M2.I_pg0.I_jcb,21,17
.macro_interface.I_street.Isb36.I_M2.I_pg1.I_jcb,20,17
.macro_interface.I_street.Isb36.I_M2.I_pg2.I_jcb,19,17
.macro_interface.I_street.Isb37.I_M0.I_pg0.I_jcb,16,21
.macro_interface.I_street.Isb37.I_M0.I_pg1.I_jcb,17,21
.macro_interface.I_street.Isb37.I_M0.I_pg2.I_jcb,18,21
.macro_interface.I_street.Isb37.I_M1.I_pg0.I_jcb,16,18
.macro_interface.I_street.Isb37.I_M1.I_pg1.I_jcb,17,18
.macro_interface.I_street.Isb37.I_M1.I_pg2.I_jcb,18,18
.macro_interface.I_street.Isb37.I_M2.I_pg0.I_jcb,16,22
.macro_interface.I_street.Isb37.I_M2.I_pg1.I_jcb,17,22
.macro_interface.I_street.Isb37.I_M2.I_pg2.I_jcb,18,22
.macro_interface.I_street.Isb38.I_M0.I_pg0.I_jcb,21,21
.macro_interface.I_street.Isb38.I_M0.I_pg1.I_jcb,20,21
.macro_interface.I_street.Isb38.I_M0.I_pg2.I_jcb,19,21
.macro_interface.I_street.Isb38.I_M1.I_pg0.I_jcb,21,18
.macro_interface.I_street.Isb38.I_M1.I_pg1.I_jcb,20,18
.macro_interface.I_street.Isb38.I_M1.I_pg2.I_jcb,19,18
.macro_interface.I_street.Isb38.I_M2.I_pg0.I_jcb,21,22
.macro_interface.I_street.Isb38.I_M2.I_pg1.I_jcb,20,22
.macro_interface.I_street.Isb38.I_M2.I_pg2.I_jcb,19,22
